Developer,"My Rating",Title,Genre,Publisher,"Release Date","Added Date"
"Climax Graphics",0,"Blue Stinger",Adventure,Sega,"Mar 25, 1999","Apr 23, 2017"
Jaleco,0,Carrier,Adventure,"Jaleco Entertainment","Feb 29, 2000","Apr 23, 2017"
"Sonic Team",0,"ChuChu Rocket!",Puzzle,Sega,"Nov 11, 1999","May 29, 2018"
"Z-AXIS, Ltd.",0,"Dave Mirra Freestyle BMX",Sports,Acclaim,"Dec 08, 2000","Apr 23, 2017"
"Capcom Co., Ltd.",0,"Dino Crisis","Adventure, Survival Horror","Capcom Entertainment, Inc.","Nov 16, 2000","Nov 25, 2018"
"Appaloosa Interactive",0,"Ecco the Dolphin: Defender of the Future",Action,Sega,"Sep 11, 2000","Jan 21, 2018"
Midway,0,"Gauntlet Legends","Action, Adventure",Midway,"Jun 06, 2000","Jan 21, 2018"
"Game Arts",0,"Grandia II",RPG,"Ubi Soft","Dec 11, 2000","Jan 21, 2018"
"Eurocom Developments Ltd.",0,"Hydro Thunder",Racing,Midway,"Sep 09, 1999","Apr 23, 2017"
"Atlus Co., Ltd.",0,"Maken X",Action,"Sega of America Inc.","Apr 25, 2000","Apr 23, 2017"
"Bizarre Creations",0,"Metropolis Street Racer",Racing,Sega,"Jan 16, 2001","Apr 23, 2017"
"Eurocom Developments Ltd.",0,"Mortal Kombat Gold",Fighting,Midway,"Sep 09, 1999","Jan 21, 2018"
"Visual Concepts",0,"NFL 2K1",Sports,Sega,"Sep 05, 2000","Oct 16, 2017"
Acclaim,0,Re-Volt,Racing,Acclaim,1999,"Apr 23, 2017"
Midway,0,"Ready 2 Rumble Boxing","Fighting, Sports",Sega,"Jan 13, 1999","Apr 23, 2017"
"UEP Systems",0,"Rippin' Riders",Sports,Sega,1999,"Apr 23, 2017"
AM3,0,"Sega Rally Championship 2",Racing,Sega,"Oct 31, 1999","Apr 23, 2017"
Namco,0,SoulCalibur,Fighting,Sega,"Sep 09, 1999","Apr 23, 2017"
"Genki Co. Ltd.",0,"Super Magnetic Neo","Action, Platformer","Crave Entertainment","Feb 03, 2000","Apr 23, 2017"
"ASCII Corporation",0,"Sword of the Berserk: Guts' Rage",Action,"Eidos Interactive","Apr 03, 2000","Apr 23, 2017"
SEGA,0,"Time Stalkers",RPG,Sega,"Sep 30, 2000","Jul 27, 2017"
"Genki Co. Ltd.",0,"Tokyo Xtreme Racer",Racing,"Crave Entertainment, Inc.","Sep 09, 1999","Apr 23, 2017"
"Genki Co. Ltd.",0,"Tokyo Xtreme Racer 2",Racing,Crave,2000,"Jan 21, 2018"
"No Cliché",0,"Toy Commander","Action, Simulation",Sega,"Sep 30, 1999","Apr 23, 2017"
AM2,0,"Virtua Striker 2",Sports,Sega,"Dec 02, 2000","Apr 23, 2017"
AM3,0,"Virtua Tennis",Sports,Sega,"Sep 08, 2000","Apr 23, 2017"
AM1,0,"Zombie Revenge",Action,"Ubi Soft","Dec 31, 1999","Apr 23, 2017"
Infogrames,0,"Bubble Ghost",Action,FCI,1990,"Apr 24, 2017"
"Konami Co., Ltd.",0,"The Castlevania Adventure","Action, Adventure",Konami,"Dec 27, 1990","Mar 17, 2018"
Nintendo,0,"Donkey Kong",Platformer,Nintendo,"Jun 08, 1994","Apr 26, 2018"
Nintendo,0,"Dr. Mario","Puzzle, Strategy",Nintendo,"Jul 27, 1990","Apr 24, 2017"
"Capcom Co., Ltd.",0,"Duck Tales","Action, Adventure",THQ,1989,"Apr 24, 2017"
Nintendo,0,"Metroid II: Return of Samus","Action, Adventure, Shooter",Nintendo,"Aug 26, 1992","Apr 24, 2017"
Nintendo,0,"Solar Striker","Action, Shooter",Nintendo,"Jan 26, 1990","Apr 20, 2018"
"Nintendo Co. Ltd.",0,"Super Mario Land",Platformer,"Nintendo of America, Inc.","Aug 01, 1989","Apr 24, 2017"
"Nintendo Co. Ltd.",0,"Super Mario Land 2: 6 Golden Coins",Platformer,"Nintendo of America, Inc.","Nov 01, 1992","Apr 24, 2017"
"Beam Software",0,Taz-Mania,Platformer,THQ,1994,"Apr 24, 2017"
Capcom,0,"Breath of Fire II",RPG,Capcom,"Apr 17, 2002","Apr 24, 2017"
"Game Freak",0,"Drill Dozer",Action,Nintendo,"Feb 07, 2006","Feb 22, 2018"
"Square Enix",0,"Final Fantasy Tactics Advance","RPG, Strategy",Nintendo,"Sep 11, 2003","Apr 24, 2017"
,0,"Gadget Racers",Racing,"Zoo Digital","Oct 26, 2001","Apr 24, 2017"
MTO,0,"GT Advance Racing 4 Pack",,THQ,"Sep 07, 2007","Apr 24, 2017"
Nintendo,0,"The Legend of Zelda: A Link to the Past w/ the Four Swords","Action, RPG",Nintendo,"Dec 03, 2002","Apr 24, 2017"
Alphadream,0,"Mario & Luigi: Superstar Saga",RPG,Nintendo,"Nov 18, 2003","Apr 24, 2017"
"Nintendo Co. Ltd.",0,"Metroid Fusion","Adventure, Shooter","Nintendo of America, Inc.","Nov 19, 2002","Apr 24, 2017"
"Nintendo Co. Ltd.",0,"Metroid: Zero Mission",Shooter,"Nintendo of America, Inc.","Feb 10, 2004","Apr 24, 2017"
"Digital Eclipse Software, Inc.",0,"Phantasy Star Collection",RPG,"THQ, Inc.","Oct 30, 2002","Apr 24, 2017"
"WOW Entertainment",0,"Pinball of the Dead",Pinball,THQ,"Jun 19, 2002","Apr 24, 2017"
Nintendo,0,"Pokémon Pinball: Ruby & Sapphire",Pinball,Nintendo,"Aug 25, 2003","Apr 24, 2017"
Nintendo,0,"Wario Land 4","Action, Platformer",Nintendo,"Nov 16, 2001","Feb 22, 2018"
Ubisoft,0,"Batman Vengeance",Action,Ubisoft,"Nov 18, 2001","Apr 23, 2017"
Hudson,0,"Bloody Roar: Primal Fury",Fighting,Activision,"Mar 19, 2002","Apr 23, 2017"
"Bandai Namco",0,"Donkey Konga","Music, Party",Nintendo,"Sep 27, 2004","Apr 24, 2017"
"Silicon Knights",0,"Eternal Darkness: Sanity's Requiem","Puzzle, Survival Horror",Nintendo,"Jun 24, 2002","Apr 23, 2017"
"Nintendo of America, Inc.",0,"Game Boy Player Start-Up Disc",Other,Nintendo,"Jun 24, 2003","May 19, 2018"
"Pipeworks Software",0,"Godzilla: Destroy All Monsters Melee","Action, Fighting",Atari,"Oct 07, 2002","Apr 23, 2017"
Nintendo,0,"Luigi's Mansion",Platformer,Nintendo,"Nov 18, 2001","Apr 23, 2017"
Nintendo,0,"Mario Party 5","Party, Puzzle",Nintendo,"Nov 04, 2003","Apr 23, 2017"
Nintendo,0,"Mario Party 6","Party, Puzzle",Nintendo,"Dec 06, 2004","Apr 23, 2017"
Hudson,0,"Mario Party 7","Party, Puzzle",Nintendo,"Nov 08, 2005","Apr 23, 2017"
"Nihilistic Software",0,"Marvel Nemesis: Rise of the Imperfects",Fighting,"Electronic Arts","Sep 20, 2005","Apr 23, 2017"
Arika,0,"Mega Man Network Transmission","Action, RPG, Shooter",Capcom,"Jun 17, 2003","Apr 23, 2017"
"Silicon Knights",0,"Metal Gear Solid: The Twin Snakes",Action,"Konami Digital Entertainment","Mar 09, 2004","Apr 23, 2017"
"EA Sports",0,"NBA Live 2003",Sports,"Electronic Arts","Oct 07, 2002","Apr 23, 2017"
Nintendo,0,"Paper Mario: The Thousand-Year Door","Platformer, RPG",Nintendo,"Oct 11, 2004","Apr 23, 2017"
SEGA,0,"Shadow the Hedgehog",Action,"Sega of America","Nov 15, 2005","Apr 30, 2017"
SEGA,0,"Skies of Arcadia Legends",RPG,"Sega of America","Jan 28, 2003","Apr 23, 2017"
SEGA,0,"Sonic Gems Collection","Action, Retro","Sega of America","Aug 16, 2005","Apr 30, 2017"
Rare,0,"Star Fox Adventures",Action/Adventure,Nintendo,"Sep 23, 2002","Apr 23, 2017"
"Factor 5",0,"Star Wars Rogue Leader: Rogue Squadron II","Flight Simulation, Shooter",LucasArts,"Nov 18, 2001","Apr 23, 2017"
"Factor 5",0,"Star Wars Rogue Squadron III: Rebel Strike","Flight Simulation, Shooter, Simulator",LucasArts,"Oct 21, 2003","Apr 23, 2017"
Nintendo,0,"Super Mario Sunshine","Adventure, Platformer",Nintendo,"Aug 26, 2002","Apr 23, 2017"
Treasure,0,"Wario World","Action, Platformer",Nintendo,"Jun 23, 2003","Apr 23, 2017"
SEGA,0,"The Adventures Of Batman And Robin",Action,Sega,1995,"Apr 23, 2017"
"Sega of Japan",0,"Alex Kidd in the Enchanted Castle",Action,"Sega of America Inc.",1990,"May 04, 2017"
SEGA,0,"Batman Returns",Action,"Sega Enterprises Ltd.","Oct 10, 1992","Apr 23, 2017"
"Rare Ltd.",0,"Battletoads & Double Dragon: The Ultimate Team",Fighting,Midway,1993,"Apr 23, 2017"
Majesco,0,"Caesar's Palace",Casino,"""Sega of America, Inc.""","Aug 08, 1993","Apr 23, 2017"
"Virgin Games",0,"Cool Spot",Platformer,"Sega of America Inc.",1993,"Apr 23, 2017"
"Disney Software",0,"Disney's Aladdin",Platformer,"Virgin Interactive Entertainment","Nov 11, 1993","Apr 23, 2017"
Psygnosis,0,"Disney's Toy Story",Action,"Disney Interactive",1996,"Apr 23, 2017"
"Sega Interactive Development Division",0,"Garfield: Caught in the ACT",Action,"Sega of America Inc.",1995,"Apr 23, 2017"
"Probe Software",0,"Judge Dredd",Shooter,Acclaim,1995,"Apr 23, 2017"
"BlueSky Software",0,"Jurassic Park",Adventure,"Sega of America Inc.",1993,"Apr 30, 2017"
"Westwood Studios",0,"The Lion King","Action, Platformer","Virgin Interactive Entertainment","Dec 08, 1994","Apr 30, 2017"
"Western Technologies, Inc.",0,"Marvel's Spider-Man",Action,"Acclaim Entertainment, Inc.",1991,"Apr 23, 2017"
"Traveller's Tales",0,"Mickey Mania: The Timeless Adventures of Mickey Mouse",Action,"Sony Imagesoft Inc.",1994,"Apr 23, 2017"
Bandai,0,"Mighty Morphin Power Rangers",Fighting,"Sega of America Inc.",1994,"Apr 23, 2017"
"Mutant Productions",0,"Mutant League Football",Sports,"Electronic Arts",1993,"Apr 23, 2017"
,0,"NHL All-Star Hockey 95",Sports,Sega,1995,"Apr 23, 2017"
SEGA,0,"The Ooze",Action,"Sega Enterprises Ltd.",1995,"Apr 23, 2017"
"Namco Ltd.",0,Phelios,Shooter,"Namco Hometek, Inc.",1988,"Apr 23, 2017"
"Sterling Silver Software",0,Pit-Fighter,Fighting,Tengen,"Jan 01, 1991","Apr 23, 2017"
Activision,0,"Pitfall: The Mayan Adventure",Platformer,Activision,1994,"Apr 23, 2017"
"BlueSky Software",0,"The Ren & Stimpy Show Presents: Stimpy's Invention",Action,"Sega of America Inc.","Jun 15, 1993","Apr 23, 2017"
SEGA,0,"Robocop Vs. The Terminator",Shooter,Sega,"Jul 03, 1993","Feb 26, 2018"
SEGA,0,"Sonic & Knuckles",Platformer,Sega,"Oct 17, 1994","Apr 23, 2017"
"Sonic Team",0,"Sonic the Hedgehog",Platformer,Sega,"Jun 23, 1991","Apr 23, 2017"
"Sonic Team",0,"Sonic the Hedgehog 2",Platformer,Sega,"Nov 24, 1992","Apr 23, 2017"
"Sonic Team",0,"Sonic the Hedgehog 3",Platformer,Sega,"Feb 02, 1994","Apr 23, 2017"
SEGA,0,"Sonic the Hedgehog: Spinball","Pinball, Platformer","SVG Distribution",1993,"Apr 23, 2017"
"Software Solutions",0,"Spider-Man & Venom: Maximum Carnage","Action, Fighting","Acclaim Entertainment, Inc.",1994,"Apr 23, 2017"
Tiertex,0,"Strider Returns: Journey from Darkness",Action,"U.S. Gold",1992,"Apr 23, 2017"
"Probe Software Ltd.",0,"Super Smash T.V.",Shooter,"Flying Edge",1992,"Apr 23, 2017"
"Tecmo, Ltd.",0,"Tecmo Super Bowl",Sports,Tecmo,1993,"Apr 23, 2017"
"Sculptured Software, Inc.",0,"WWF Wrestlemania: The Arcade Game",Sports,"Acclaim Entertainment, Inc.",1995,"Apr 30, 2017"
"Headgames, Inc.",0,"X-Men 2: Clone Wars","Action, Platformer",Sega,1994,"Apr 23, 2017"
"Hudson Soft",0,"Adventure Island",Platformer,"Hudson Soft","Sep 12, 1986","Apr 23, 2017"
"Hudson Soft Co., Ltd.",0,"Adventures of Dino Riki",Shooter,"Hudson Soft USA, Inc.","Feb 10, 1989","Jan 21, 2018"
Argevision,0,"The Adventures of Gilligan's Island","Action, Adventure","Bandai America, Inc.","Jul 01, 1990","Apr 23, 2017"
Iota,0,Anticipation,"Party, Trivia",Nintendo,"Nov 1988","Apr 30, 2017"
Sunsoft,0,"Batman: Return of the Joker","Adventure, Shooter",Sunsoft,"Dec 1991","Jan 21, 2018"
"Synapse Software",0,"Batman: The Video Game","Action, Shooter",Sunsoft,"Dec 22, 1989","Apr 23, 2017"
Brøderbund,0,"The Battle of Olympus","Action, Adventure","Imagineer Co., LTD","Dec 1989","Apr 23, 2017"
"Rare Ltd.",0,Beetlejuice,Action,"LJN GAMES","May 1991","Jan 20, 2018"
Sunsoft,0,"Blaster Master",Shooter,Sunsoft,1988,"Jan 07, 2018"
Taito,0,"Bubble Bobble",Action,Taito,"Oct 26, 1990","Apr 23, 2017"
"Data East Corp.",0,"Bump 'n' Jump",Racing,"Vic Tokai Inc.","Dec 1988","Apr 23, 2017"
Konami,0,Castlevania,Action,Konami,"Sep 26, 1986","Apr 23, 2017"
Konami,0,"Castlevania III: Dracula's Curse","Action, Adventure",Konami,"Sep 1990","Jul 27, 2017"
Konami,0,"Castlevania II: Simon's Quest","Adventure, RPG",Konami,"Dec 1988","Apr 23, 2017"
Konami,0,Contra,"Platformer, Shooter",Konami,"Feb 02, 1988","Apr 23, 2017"
Konami,0,"Super C",Shooter,Konami,"Mar 1990","Apr 23, 2017"
"Technos Japan Corp.",0,"Crash 'N the Boys: Street Challenge",Sports,"American Technos Inc.",1992,"Apr 23, 2017"
"SNK Corporation",0,Crystalis,"Adventure, RPG","SNK Corporation of America",1990,"Apr 30, 2017"
"Nintendo Co. Ltd.",0,"Donkey Kong Classics",Action,"Nintendo of America, Inc.","Oct 1988","Apr 23, 2017"
"Technos Japan Corp.",0,"Double Dragon",Action,"Tradewest, Inc.",1988,"Apr 23, 2017"
"Technos Japan Corp.",0,"Double Dragon II: The Revenge",Action,Acclaim,"Jan 1990","Apr 23, 2017"
"Technos Japan Corp.",0,"Double Dragon III: The Sacred Stones",Action,"Acclaim Entertainment, Inc.","Feb 1991","Apr 23, 2017"
Namco,0,"Dragon Spirit","Action, Shooter",Bandai,"Jun 1990","Apr 23, 2017"
Sunsoft,0,"Fester's Quest",Action,Sunsoft,"Sep 1989","Jan 20, 2018"
Tengen,0,Gauntlet,Action,Tengen,1987,"Sep 18, 2017"
"Vic Tokai Inc.",0,"Golgo 13: Top Secret Episode",Shooter,"Vic Tokai Inc.",1988,"Jan 20, 2018"
"Konami Co., Ltd.",0,Gradius,Shooter,"Konami of America, Inc.",1986,"Apr 23, 2017"
Compile,0,"The Guardian Legend",Action,"Broderbund Software",1989,"Apr 23, 2017"
Nintendo,0,"Ice Hockey",Sports,Nintendo,"Mar 1988","Apr 23, 2017"
"Enteractive, Inc",0,Jaws,Action,"LJN Ltd.","Nov 1987","Apr 30, 2017"
Sunsoft,0,"Journey to Silius",Shooter,Sunsoft,"Sep 1990","Jan 06, 2018"
"HAL Laboratory Inc.",0,"Kirby's Adventure",Action,"Nintendo of America, Inc.","May 1993","Jan 20, 2018"
"Taito Corporation",0,"The Legend of Kage",Action,"Taito America Corp.","Aug 1987","Apr 23, 2017"
"Konami Co., Ltd.",0,"Life Force",Shooter,"Konami of America, Inc.","Aug 1988","Apr 23, 2017"
"Capcom Co., Ltd.",0,"Little Nemo: The Dream Master","Action, Adventure","Capcom USA, Inc.","Oct 1990","Apr 23, 2017"
"Virgin Games",0,"M.C. Kids",Action,"Virgin Interactive","Jan 1992","Jan 20, 2018"
"Rare Ltd.",0,"Marble Madness",Puzzle,"Milton Bradley Company","Feb 1989","Apr 23, 2017"
Capcom,0,"Mega Man 5",Platformer,Capcom,"Dec 1992","Aug 05, 2018"
"Tecmo, Ltd.",0,"Ninja Gaiden",Platformer,Tecmo,"Mar 1989","Apr 23, 2017"
"Tecmo, Ltd.",0,"Ninja Gaiden II: The Dark Sword of Chaos",Platformer,Tecmo,"May 06, 1990","Jan 20, 2018"
"Tecmo, Ltd.",0,"Ninja Gaiden III: The Ancient Ship of Doom","Action, Platformer","Tecmo, Inc.","Aug 21, 1991","Jan 20, 2018"
"Jaleco Ltd.",0,"Pinball Quest",Pinball,"Jaleco USA, Inc.","Jun 1990","Apr 23, 2017"
"Rare Ltd.",0,"R.C. Pro-Am",Racing,"Nintendo of America, Inc.","Feb 1988","Apr 23, 2017"
"Square Co. Ltd.",0,"Rad Racer",Racing,Nintendo,"Oct 1987","Apr 23, 2017"
"Taito Corporation",0,Renegade,Action,Taito,"Jan 1988","Apr 23, 2017"
"Seika Corporation",0,"Rescue: The Embassy Mission",Shooter,"KEMCO U.S.A., Inc.","Dec 1990","Jun 28, 2018"
"Technos Japan Corp.",0,"River City Ransom","Action, Fighting","American Technos Inc.","Jan 1990","Jan 21, 2018"
"Ocean Software Ltd.",0,RoboCop,Shooter,"Data East USA, Inc.","Dec 1989","Apr 23, 2017"
"Realtime Associates Inc.",0,"The Rocketeer",Action,"Bandai America, Inc.","Jan 1991","Oct 21, 2017"
Tengen,0,Shinobi,Action,Tengen,1989,"Apr 23, 2017"
"Imagineering Inc.",0,"The Simpsons: Bart vs. the World",Action,Acclaim,1991,"Apr 23, 2017"
"Tecmo, Ltd.",0,"Solomon's Key",Action,"Tecmo, Inc.",1987,"Jun 28, 2017"
Sunsoft,0,"Spy Hunter",Racing,Sunsoft,"Sep 1987","Apr 23, 2017"
"Beam Software Pty. Ltd.",0,"Star Wars",Action,"JVC Musical Industries, Inc.","Nov 1991","Oct 21, 2017"
"Sculptured Software, Inc.",0,"Star Wars: The Empire Strikes Back",Action,"JVC Musical Industries, Inc.","Mar 1992","Oct 21, 2017"
Capcom,0,Strider,Action,Capcom,1989,"Mar 26, 2018"
Capcom,0,"Sweet Home",RPG,Capcom,"Dec 15, 1989","Apr 23, 2017"
"Town & Country Surf Shop",0,"T&C Surf Designs: Wood & Water Rage",Sports,"LJN Ltd.","Feb 1987","Apr 23, 2017"
Konami,0,"Teenage Mutant Ninja Turtles",Action,Palcom,"Aug 17, 1990","Apr 23, 2017"
Konami,0,"Teenage Mutant Ninja Turtles II: The Arcade Game",Action,"Ultra Games",1990,"Apr 23, 2017"
"Konami Co., Ltd.",0,"Teenage Mutant Ninja Turtles III: The Manhattan Project",Action,"Konami of America, Inc.",1992,"Apr 23, 2017"
"Nintendo Co. Ltd.",0,"Wrecking Crew",Action,"Nintendo of America, Inc.","Oct 18, 1985","Jan 20, 2018"
Nintendo,0,"Zelda II: The Adventure of Link",RPG,Nintendo,"Mar 01, 1988","Jan 20, 2018"
"Monolith Software",0,"Xenoblade Chronicles 3D",RPG,Nintendo,"Apr 02, 2015","Apr 23, 2017"
Nintendo,0,"Animal Crossing: New Leaf",RPG,Nintendo,"Jun 14, 2013","Apr 23, 2017"
Nintendo,0,"Code Name: S.T.E.A.M.",RPG,Nintendo,"May 15, 2015","Apr 23, 2017"
"Cooking Mama Limited",0,"Cooking Mama 5: Bon Appetit!",Simulator,"Majesco Entertainment","Mar 06, 2015","Apr 23, 2017"
Nintendo,0,"Donkey Kong Country Returns 3D",Platformer,Nintendo,"May 24, 2013","Apr 23, 2017"
"Square Enix",0,"Dragon Quest VII: Fragments of the Forgotten Past",RPG,Nintendo,"Sep 16, 2016","Apr 23, 2017"
"Square Enix",0,"Dragon Quest VIII: Journey of the Cursed King",RPG,Nintendo,"Jan 20, 2017","Apr 23, 2017"
Nintendo,0,"The Legend of Zelda: A Link Between Worlds","Action/Adventure, RPG",Nintendo,"Nov 22, 2013","Apr 23, 2017"
Nintendo,0,"The Legend of Zelda: Majora's Mask 3D",Action/Adventure,Nintendo,"Feb 13, 2015","Apr 24, 2017"
Nintendo,0,"The Legend of Zelda: Ocarina of Time 3D","Action/Adventure, RPG",Nintendo,"Jun 20, 2011","Apr 23, 2017"
Nintendo,0,"Luigi's Mansion: Dark Moon","Action/Adventure, Platformer",Nintendo,"Mar 28, 2013","Apr 23, 2017"
Nintendo,0,"Mario & Luigi: Dream Team","Action/Adventure, RPG",Nintendo,"Jul 12, 2013","Apr 23, 2017"
Nintendo,0,"Mario & Luigi: Paper Jam",RPG,Nintendo,"Dec 04, 2015","Jan 07, 2018"
Capcom,0,"Mega Man Legacy Collection",Platformer,"Capcom USA, Inc.","Feb 23, 2016","Apr 23, 2017"
"Mercury Steam",0,"Metroid: Samus Returns",Action/Adventure,Nintendo,"Sep 15, 2017","Sep 18, 2017"
Capcom,0,"Monster Hunter Generations",RPG,Nintendo,"Jul 15, 2016","Apr 23, 2017"
Nintendo,0,"Paper Mario: Sticker Star","Action, Platformer",Nintendo,"Dec 07, 2012","Apr 24, 2017"
"Game Freak",0,"Pokémon Alpha Sapphire",RPG,Nintendo,"Nov 28, 2014","Apr 23, 2017"
Nintendo,0,"Pokémon Moon",RPG,Nintendo,"Nov 23, 2016","Apr 23, 2017"
"Game Freak",0,"Pokémon Omega Ruby",RPG,Nintendo,"Nov 28, 2014","Apr 23, 2017"
Nintendo,0,"Pokémon Sun",RPG,Nintendo,"Nov 23, 2016","Apr 23, 2017"
"Game Freak",0,"Pokémon X",RPG,Nintendo,"Oct 12, 2013","Apr 23, 2017"
Atlus,0,"Radiant Historia: Perfect Chronology",RPG,"Deep Silver","Feb 16, 2018","Feb 14, 2018"
Million,0,"River City: Tokyo Rumble",,Natsume,"Sep 27, 2016","Apr 23, 2017"
Nintendo,0,"Star Fox 64 3D",Action,Nintendo,"Sep 06, 2011","Apr 23, 2017"
Nintendo,0,"Super Mario 3D Land","Action, Platformer",Nintendo,"Nov 15, 2011","Jan 07, 2018"
Nintendo,0,"Super Smash Bros.",Fighting,Nintendo,"Oct 03, 2014","Apr 23, 2017"
Nintendo,0,"Yoshi's New Island",Action,Nintendo,"Mar 14, 2014","Apr 23, 2017"
3DO,0,"Army Men: Sarge's Heroes","Action, Shooter",3DO,"Sep 30, 1999","Feb 26, 2018"
Rare,0,Banjo-Kazooie,Platformer,Nintendo,"May 31, 1998","Apr 23, 2017"
Rare,0,Banjo-Tooie,Platformer,Nintendo,"Nov 19, 2000","Apr 23, 2017"
"DMA Design",0,"Body Harvest","Action, Adventure","Gremlin Interactive","Oct 20, 1998","Feb 09, 2018"
Konami,0,Castlevania,Adventure,Konami,"Dec 31, 1998","Apr 23, 2017"
Rare,0,"Diddy Kong Racing",Racing,Nintendo,"Nov 21, 1997","Apr 23, 2017"
Rare,0,"Donkey Kong 64",Platformer,Nintendo,"Nov 23, 1999","Apr 23, 2017"
Nintendo,0,"F-Zero X",Racing,Nintendo,"Jul 14, 1998","Apr 23, 2017"
Konami,0,"Hybrid Heaven","Action, RPG",Konami,"Aug 31, 1999","Apr 30, 2017"
Nintendo,0,"Mario Kart 64",Racing,Nintendo,"Nov 01, 1999","Apr 23, 2017"
"Hudson Soft",0,"Mario Party",Party,Nintendo,"Dec 18, 1998","Apr 23, 2017"
"Hudson Soft",0,"Mario Party 2",Party,Nintendo,"Jan 25, 2000","Aug 14, 2017"
"Camelot Software Planning",0,"Mario Tennis",Sports,Nintendo,"Jul 21, 2000","Apr 23, 2017"
"Intelligent Systems",0,"Paper Mario",RPG,Nintendo,"Feb 09, 2001","Apr 23, 2017"
"Rare, Ltd.",0,"Perfect Dark",FPS,Rareware,"Jun 29, 2000","Apr 23, 2017"
Saffire,0,"Rampage: World Tour",Action,"Midway Games Ltd","Mar 30, 1998","Apr 23, 2017"
"Nintendo of Japan, Co.",0,"Star Fox 64","Flight Simulation, Shooter","Nintendo of Japan, INC","Apr 27, 1997","Apr 23, 2017"
LucasArts,0,"Star Wars Episode I: Racer",Racing,Nintendo,"May 17, 1999","Apr 23, 2017"
"Iguana Entertainment",0,"Turok 2: Seeds of Evil",FPS,"Acclaim Entertainment, Inc.","Oct 21, 1998","Apr 23, 2017"
"Acclaim Studios Austin",0,"Turok 3: Shadow of Oblivion","Action, Shooter","Acclaim Entertainment, Inc.","Aug 30, 2000","Apr 23, 2017"
"Iguana Entertainment",0,"Turok: Dinosaur Hunter","FPS, Shooter",Acclaim,"Feb 28, 1997","Apr 23, 2017"
KOEI,0,"WinBack: Covert Operations",Action,KOEI,"Sep 30, 1999","Apr 23, 2017"
"AKI Corporation",0,"WWF No Mercy","Sports, Wrestling",THQ,"Nov 14, 2000","Apr 23, 2017"
"Nintendo EAD",0,"Yoshi's Story",Platformer,Nintendo,"Mar 10, 1998","Apr 23, 2017"
Konami,0,"Castlevania: Dawn of Sorrow","Action/Adventure, Platformer","Konami Digital Entertainment","Oct 04, 2005","Apr 24, 2017"
Konami,0,"Castlevania: Order of Ecclesia",Action/Adventure,"Konami Digital Entertainment","Oct 21, 2008","Apr 24, 2017"
Konami,0,"Castlevania: Portrait of Ruin","Adventure, RPG","Konami Digital Entertainment","Dec 05, 2006","Apr 24, 2017"
"Square Enix",0,"Dragon Quest IV: The Chapters of the Chosen",RPG,"Square Enix","Sep 12, 2008","Apr 24, 2017"
ArtePiazza,0,"Dragon Quest V: Hand of the Heavenly Bride",RPG,"Square Enix","Feb 17, 2009","Apr 24, 2017"
Nintendo,0,"Elite Beat Agents",Music,Nintendo,"Nov 06, 2006","Apr 24, 2017"
"Square Enix",0,"Final Fantasy Tactics A2: Grimoire of the Rift",RPG,"Square Enix","Jun 24, 2008","Apr 24, 2017"
Nintendo,0,"The Legend of Zelda: Phantom Hourglass",Action/Adventure,Nintendo,"Oct 01, 2007","Apr 24, 2017"
Nintendo,0,"The Legend of Zelda: Spirit Tracks","Action/Adventure, RPG",Nintendo,"Dec 07, 2009","Apr 30, 2017"
Nintendo,0,"The Legendary Starfy",Action,Nintendo,"Jun 08, 2009","Apr 24, 2017"
Atlus,0,"Radiant Historia",RPG,"Atlus USA","Feb 22, 2011","Apr 24, 2017"
Nintendo,0,"Super Mario 64 DS","Action, Platformer",Nintendo,"Nov 21, 2004","Apr 24, 2017"
Nintendo,0,"1, 2, Switch","Action, Party",Nintendo,"Mar 03, 2017","Apr 23, 2017"
Nintendo,0,Arms,Fighting,Nintendo,"Jun 16, 2017","Jun 28, 2017"
"Thomas Happ Games",0,"Axiom Verge",Action,"BadLand Games","Jan 26, 2018","Dec 26, 2017"
"id Software",0,DOOM,FPS,"Bethesda Softworks","Nov 10, 2017","Dec 26, 2017"
"Square Enix",0,"Dragon Quest Builders",RPG,"Square Enix","Feb 09, 2018","Feb 15, 2018"
"Rockstar Games",0,"L.A. Noire",Adventure,"Rockstar Games","Nov 14, 2017","Dec 26, 2017"
Nintendo,0,"The Legend of Zelda: Breath of the Wild",RPG,Nintendo,"Mar 03, 2017","Apr 23, 2017"
Nintendo,0,"Mario Kart 8 Deluxe","Action, Racing",Nintendo,"Apr 28, 2017","Nov 17, 2017"
"Game Freak",0,"Pokémon: Let's Go, Eevee!",RPG,Nintendo,"Nov 16, 2018","Nov 30, 2018"
SEGA,0,"Sonic Forces",Action,"Sega Europe","Nov 07, 2017","Dec 26, 2017"
Sega,0,"Sonic Mania Plus",Platformer,"Sega Europe","Jul 17, 2018","Jul 18, 2018"
Nintendo,0,"Splatoon 2",Action,Nintendo,"Jul 21, 2017","Jul 27, 2017"
Konami,0,"Super Bomberman R",Action,"Konami Digital Entertainment GmbH","Mar 03, 2017","Apr 23, 2017"
Nintendo,0,"Super Mario Odyssey",Platformer,Nintendo,"Oct 27, 2017","Nov 17, 2017"
Capcom,0,"Ultra Street Fighter II: The Final Challengers",Fighting,Capcom,"May 26, 2017","Jun 28, 2017"
"Monolith Software",0,"Xenoblade Chronicles 2",RPG,Nintendo,"Dec 01, 2017","Dec 26, 2017"
"EA DICE",0,"Battlefield 1",FPS,"Electronic Arts","Oct 21, 2016","Jan 07, 2018"
,0,"Dark Seed",Action,Cyberdreams,,"Jan 07, 2018"
"Blizzard Entertainment",0,"Diablo III",RPG,"Blizzard Entertainment","May 15, 2012","Jan 07, 2018"
"Silicon Knights Inc",0,"Legacy of Kain: Blood Omen",Action,"Crystal Dynamics, Inc","Nov 15, 1996","Jan 07, 2018"
"The Sims Studio",0,"The Sims 3: Ambitions",Simulator,"Electronic Arts","Jun 01, 2010","Jan 07, 2018"
"The Sims Studio",0,"The Sims 3: Generations",Simulation,"Electronic Arts","May 31, 2011","Jan 07, 2018"
"The Sims Studio",0,"The Sims 3: Late Night",Simulation,"Electronic Arts","Oct 26, 2010","Jan 07, 2018"
"The Sims Studio",0,"The Sims 3: Supernatural",Simulation,"Electronic Arts","Sep 07, 2012","Jan 07, 2018"
"Blizzard Entertainment",0,"World of Warcraft: Legion",MMORPG,Activision,"Aug 30, 2016","Jan 29, 2018"
"Probe Software Ltd.",0,"Alien Trilogy",FPS,Acclaim,"Feb 01, 1996","Apr 23, 2017"
Contrail,0,"Alundra 2",RPG,Activision,"Mar 24, 2000","Oct 07, 2018"
"Camelot Software Planning",0,"Beyond The Beyond",RPG,"Sony Computer Entertainment","Aug 31, 1996","Jan 29, 2018"
"Illusions Gaming",0,"Blazing Dragons","Adventure, Platformer","Mindscape Inc","Jun 22, 1996","Apr 28, 2018"
"Crystal Dynamics",0,"Blood Omen: Legacy of Kain",RPG,"Crystal Dynamics, Inc.","Nov 15, 1996","Apr 30, 2017"
Psygnosis,0,"Codename: Tenka","Action, Shooter",Psygnosis,"Nov 17, 1997","Apr 23, 2017"
"Insomniac Games",0,Disruptor,"Action, FPS, Shooter","Universal Interactive","Nov 01, 1996","Apr 23, 2017"
"Bandai Co., Ltd.",0,"Dragon Ball Z: Ultimate Battle 22",Fighting,"Infogrames, Inc.","Mar 26, 1995","Apr 23, 2017"
,0,"Driver / Driver 2","Action, Racing",,"May 05, 2004","Oct 07, 2018"
"Heavy Iron Studios",0,"Evil Dead: Hail to the King",Adventure,"THQ, Inc.","Dec 07, 2000","Apr 23, 2017"
"Kronos Digital Entertainment, Inc.",0,"Fear Effect","Action, Action/Adventure, Adventure","Eidos Interactive","Feb 25, 2000","Apr 23, 2017"
"Core Design Ltd.",0,"Fighting Force",Action,"Eidos Interactive","Nov 03, 1997","Apr 23, 2017"
"Square Co. Ltd.",0,"Final Fantasy Anthology",RPG,SquareSoft,"Oct 07, 1999","Apr 23, 2017"
"Square Co. Ltd.",0,"Final Fantasy IX",RPG,SquareSoft,"Nov 15, 2000","Apr 23, 2017"
SquareSoft,0,"Final Fantasy Tactics","RPG, Strategy",SquareSoft,"Jan 28, 1997","Oct 07, 2018"
"Square Co. Ltd.",0,"Final Fantasy VII",RPG,SquareSoft,"Aug 31, 1997","Oct 07, 2018"
"Polyphony Digital",0,"Gran Turismo 2",Racing,"Sony Computer Entertainment","Dec 17, 1999","Apr 23, 2017"
"n-Space, Inc.",0,"Die Hard Trilogy 2: Viva Las Vegas",Action,"Fox Interactive","Mar 31, 2000","Apr 23, 2017"
"Radical Entertainment",0,"Jackie Chan's Stuntmaster",Action,"Midway Games","Mar 29, 2000","Jan 07, 2018"
SingleTrac,0,"Jet Moto",Racing,"Sony Computer Entertainment","Nov 01, 1996","Jan 21, 2018"
SingleTrac,0,"Jet Moto 2",Racing,"Sony Computer Entertainment","Nov 12, 1997","Apr 23, 2017"
"Wildfire Studios Pty Ltd",0,"KISS Pinball",Other,"Jack Of All Games","Apr 25, 2001","Oct 21, 2017"
"Gremlin Interactive Ltd.",0,Loaded,Action,Interplay,"Dec 04, 1995","Apr 23, 2017"
"Capcom Co., Ltd.",0,"Marvel Super Heroes vs. Street Fighter",Fighting,"Virgin Interactive","Feb 23, 1999","Apr 23, 2017"
"SCEE Cambridge Studios",0,MediEvil,Action,"Sony Computer Entertainment","Oct 21, 1998","Jan 07, 2018"
"Granite Bay Software",0,"Nuclear Strike","Action, Shooter","Electronic Arts","Sep 01, 1997","Jan 07, 2018"
"Polyphony Digital",0,"Omega Boost",Shooter,"Sony Computer Entertainment","Sep 01, 1999","Apr 24, 2017"
Namco,0,"R4: Ridge Racer Type 4",Racing,"Sony Computer Entertainment Europe","May 04, 1999","Apr 23, 2017"
Interplay,0,"Re-Loaded the Hardcore Sequel",,"SVG Distribution","Dec 01, 1996","Jan 21, 2018"
Namco,0,"Soul Blade",Fighting,Namco,"Nov 18, 1997","Jul 27, 2017"
"Factor 5",0,"Star Wars: Rebel Assault II - The Hidden Empire",Action,"LucasArts Entertainment","Nov 06, 1996","Apr 23, 2017"
"Mindscape Inc.",0,"Steel Harbinger","Action, Platformer","Mindscape Software","Nov 01, 1996","Jan 21, 2018"
"989 Studios",0,"Syphon Filter","Adventure, Shooter","Sony Computer Entertainment","Feb 17, 1999","Apr 23, 2017"
Namco,0,"Tekken 3",Fighting,"Sony Computer Entertainment","Apr 29, 1998","Apr 23, 2017"
"Acquire Corp.",0,"Tenchu 2: Birth of the Stealth Assassins",Action,Activision,"Aug 16, 2000","Jan 21, 2018"
"Acquire Corp.",0,"Tenchu: Stealth Assassins",Adventure,Activision,"Sep 17, 1998","Apr 23, 2017"
"Pitbull Syndicate",0,"Test Drive 4",Racing,"Electronic Arts","Oct 31, 1997","Jan 07, 2018"
"Adeline Software International",0,"Time Commando","Action, Action/Adventure, Adventure",Activision,"Jan 05, 1996","Apr 23, 2017"
SCEI,0,"ATV Offroad Fury 2",Racing,SCEA,"Nov 12, 2002","Mar 04, 2018"
DreamFactory,0,"The Bouncer",Fighting,SquareSoft,"Mar 09, 2001","Apr 23, 2017"
Konami,0,"Castlevania: Lament of Innocence",Action/Adventure,"Konami Digital Entertainment","Oct 21, 2003","Jan 07, 2018"
Konami,0,"Castlevania: Curse of Darkness",Adventure,"Konami Digital Entertainment","Nov 01, 2005","Jan 21, 2018"
Konami,0,"Contra: Shattered Soldier",Shooter,"Konami Digital Entertainment","Oct 22, 2002","Apr 23, 2017"
"Deep Space",0,Extermination,"Action, Action/Adventure, Adventure","Sony Computer Entertainment","Mar 08, 2001","Apr 23, 2017"
"EA Sports",0,"FIFA 07",Sports,"Electronic Arts","Oct 03, 2006","Mar 04, 2018"
"Square Enix",0,"Front Mission 4","RPG, Strategy","Square Enix","Jun 15, 2004","Apr 28, 2018"
"EA Games",0,"The Godfather","Action, Adventure, Fighting","Electronic Arts","Mar 21, 2006","Mar 04, 2018"
"Neversoft Interactive",0,Gun,"Action, Shooter",Activision,"Nov 08, 2005","Apr 23, 2017"
"Game Arts",0,"Gungriffon Blaze","Action, Simulation",KEMCO,"Oct 26, 2000","Apr 23, 2017"
SCEI,0,"Jet Li: Rise to Honor",Fighting,SCEA,"Feb 17, 2004","Apr 23, 2017"
Capcom,0,"Maximo vs. Army of Zin",Platformer,Capcom,"Jan 20, 2004","Apr 23, 2017"
Capcom,0,"Maximo: Ghosts to Glory","Action, Platformer",Capcom,"Feb 13, 2002","Apr 23, 2017"
"Electronic Arts Los Angeles",0,"Medal of Honor: Rising Sun","FPS, Shooter","Electronic Arts","Nov 11, 2003","Mar 04, 2018"
"Atomic Planet Entertainment",0,"Mega Man Anniversary Collection","Action, Compilation, Retro",Capcom,"Jun 22, 2004","Apr 23, 2017"
Capcom,0,"Mega Man X Collection","Action, Retro",Capcom,"Jan 10, 2006","Apr 23, 2017"
Konami,0,"Neo Contra","Action, Shooter","Konami Digital Entertainment","Oct 19, 2004","Jan 21, 2018"
Capcom,0,"Onimusha: Warlords","Action/Adventure, Adventure, Fighting",Capcom,"Mar 13, 2001","Apr 23, 2017"
Capcom,0,"Onimusha 2: Samurai's Destiny",Action/Adventure,Capcom,"Aug 27, 2002","Apr 23, 2017"
Capcom,0,"Onimusha 3: Demon Siege",Action/Adventure,Capcom,"Apr 27, 2004","Apr 23, 2017"
"Irem Software",0,"R-Type Final",Shooter,"Eidos Interactive","Feb 03, 2004","Apr 23, 2017"
"MOSS Studio",0,"Raiden III","Action, Flight Simulation, Shooter","UFO Interactive","Apr 17, 2007","Apr 23, 2017"
Capcom,0,"Resident Evil Outbreak","Survival Horror",Capcom,"Apr 01, 2004","Apr 23, 2017"
Konami,0,"Silent Hill 2","Survival Horror","Konami Digital Entertainment","Sep 28, 2001","Apr 23, 2017"
Konami,0,"Silent Hill 3","Action/Adventure, Survival Horror","Konami Digital Entertainment","Aug 06, 2003","Apr 30, 2017"
Konami,0,"Silent Hill 4: The Room","Action, Survival Horror","Konami Digital Entertainment","Sep 07, 2004","Apr 23, 2017"
"Game Arts",0,"Silpheed: The Lost Planet",Shooter,"Working Designs","May 01, 2001","Apr 23, 2017"
"Sonic Team",0,"Sonic Heroes","Adventure, Platformer","Sega of America","Jan 27, 2004","Apr 23, 2017"
"Bandai Namco",0,"SoulCalibur III",Fighting,"Namco Bandai","Oct 25, 2005","Jul 27, 2017"
"Bandai Namco",0,"SoulCalibur II",Fighting,"Namco Bandai","Aug 26, 2003","Apr 23, 2017"
LucasArts,0,"Star Wars: Battlefront","FPS, Shooter",LucasArts,"Sep 20, 2004","Mar 04, 2018"
"Pandemic Studios",0,"Star Wars: Battlefront II","FPS, Shooter",LucasArts,"Nov 01, 2005","Mar 04, 2018"
Reflections,0,Stuntman,"Action, Racing",Atari,"Jun 24, 2002","May 31, 2018"
"Crytek UK (Free Radical D)",0,"TimeSplitters 2",FPS,"Eidos Interactive","Oct 08, 2002","Apr 23, 2017"
SEGA-AM2,0,"Virtua Fighter 4: Evolution",Fighting,"Sega of America","Aug 12, 2003","Apr 23, 2017"
SCEE,0,"WipEout Fusion",Racing,"BAM! Entertainment","Jun 18, 2002","Apr 23, 2017"
CyberConnect2,0,"Asura's Wrath",Action,Capcom,"Feb 21, 2012","Jun 26, 2018"
"Nihilistic Software",0,Conan,Action/Adventure,THQ,"Oct 23, 2007","Apr 23, 2017"
"Visceral Games",0,"Dante's Inferno",Action,"Electronic Arts","Feb 09, 2010","Jan 07, 2018"
"Airtight Games",0,"Dark Void","Action, Action/Adventure",Capcom,"Jan 19, 2010","Apr 23, 2017"
"High Moon Studios",0,Deadpool,"Action, Hack & Slash",Activision,"Jun 28, 2013","Apr 23, 2017"
"From Software",0,"Demon's Souls","Action/Adventure, RPG","Atlus USA","Oct 06, 2009","Apr 23, 2017"
"Nippon Ichi Software",0,"The Disgaea Triple Play Collection",,"NIS America","Jul 10, 2015","May 08, 2017"
Capcom,0,"Dragon's Dogma: Dark Arisen",Action,Capcom,"Apr 26, 2013","Apr 23, 2017"
Sandlot,0,"Earth Defense Force 2025",Action,"Bandai Namco","Feb 21, 2014","Apr 23, 2017"
"Square Enix",0,"Final Fantasy X/X-2 HD Remaster",RPG,"Square Enix","Mar 21, 2014","Apr 23, 2017"
SCEI,0,"God of War Saga",Compilation,SCEA,"Aug 28, 2012","Apr 23, 2017"
SCEE,0,"God of War: Ascension","Action/Adventure, Hack & Slash",SCEA,"Mar 15, 2013","Apr 23, 2017"
"Polyphony D.",0,"Gran Turismo 5",Racing,SCEA,"Nov 24, 2010","Aug 28, 2017"
"Ninja Theory",0,"Heavenly Sword",Action/Adventure,SCEA,"Sep 25, 2007","Apr 23, 2017"
SCEI,0,"The ICO & Shadow of the Colossus Collection","Adventure, Compilation",SCEA,"Sep 27, 2011","Apr 23, 2017"
"Sucker Punch",0,inFamous,"Action, Action/Adventure, Sandbox",SCEA,"May 26, 2009","Jan 07, 2018"
"Naughty Dog",0,"Jak and Daxter Collection",Action,SCEA,"Feb 07, 2012","Apr 23, 2017"
ThatGameCompany,0,Journey,"Adventure, Platformer",SCEA,"Aug 28, 2012","Apr 23, 2017"
"Square Enix",0,"Kingdom Hearts HD 1.5 ReMIX",RPG,"Square Enix","Sep 13, 2013","Apr 23, 2017"
"Square Enix",0,"Kingdom Hearts HD 2.5 ReMIX",RPG,"Square Enix","Dec 05, 2014","Apr 23, 2017"
BioWare,0,"Mass Effect Trilogy",Compilation,"Electronic Arts","Nov 09, 2012","Apr 23, 2017"
"Kojima Productions",0,"Metal Gear Rising: Revengeance","Action, Action/Adventure","Konami Digital Entertainment","Feb 21, 2013","Apr 23, 2017"
"Kojima Productions",0,"Metal Gear Solid: The Legacy Collection: 1987-2012",Compilation,"Konami Digital Entertainment GmbH","Sep 13, 2013","Apr 23, 2017"
"Evolution Studios",0,MotorStorm,Racing,SCEA,"Mar 06, 2007","Apr 23, 2017"
Level-5,0,"Ni No Kuni: Wrath Of The White Witch",RPG,"Bandai Namco","Feb 01, 2013","Jan 07, 2018"
"Cavia Inc.",0,Nier,Action/Adventure,"Square Enix","Apr 27, 2010","Apr 23, 2017"
"Team Ninja",0,"Ninja Gaiden Sigma",Fighting,Tecmo,"Jul 03, 2007","Apr 30, 2017"
Ubisoft,0,"Prince of Persia Trilogy","Compilation, Platformer",Ubisoft,"Nov 19, 2010","Apr 23, 2017"
"Rockstar San Diego",0,"Red Dead Redemption","Action/Adventure, Sandbox, Shooter","Rockstar Games","May 18, 2010","May 13, 2017"
Capcom,0,"Resident Evil: Operation Raccoon City",Action/Adventure,Capcom,"Mar 20, 2012","Apr 23, 2017"
"Insomniac Games",0,"Resistance Collection",FPS,SCEA,"May 18, 2012","Apr 30, 2017"
Konami,0,"Silent Hill: Downpour","Action, Survival Horror","Konami Digital Entertainment","Mar 13, 2012","Apr 23, 2017"
"Double Helix",0,"Silent Hill: Homecoming","Survival Horror","Konami Digital Entertainment","Sep 30, 2008","Apr 23, 2017"
"Bandai Namco",0,"SoulCalibur V",Fighting,"Namco Bandai","Jan 31, 2012","May 16, 2017"
"Bandai Interactive",0,"Tales of Symphonia Chronicles",RPG,"Namco Bandai","Feb 28, 2014","Sep 27, 2017"
Ubisoft,0,"Watch Dogs",Action,Ubisoft,"May 27, 2014","Apr 23, 2017"
"Kojima Productions",0,"Zone of the Enders: HD Collection",Shooter,"Konami Digital Entertainment","Nov 30, 2012","Apr 23, 2017"
Ubisoft,0,"Assassin's Creed Origins",Action,Ubisoft,"Oct 27, 2017","Dec 27, 2017"
"Dracue Software",0,"Assault Suit Leynos",Action,"Rising Star","Sep 23, 2016","Apr 23, 2017"
"Code Mystics",0,"Atari Flashback Classics Collection - Volume 1","Compilation, Retro",PQube,"Mar 31, 2017","Feb 15, 2018"
"Code Mystics",0,"Atari Flashback Classics Collection - Volume 2","Compilation, Retro",PQube,"Mar 31, 2017","Feb 15, 2018"
"Rocksteady Studios",0,"Batman: Arkham Knight",Action,"Warner Bros Interactive","Jun 23, 2015","Apr 23, 2017"
"Omega Force",0,"Berserk and the Band of the Hawk",Action,"TECMO KOEI Europe","Feb 24, 2017","Apr 23, 2017"
"From Software",0,Bloodborne,RPG,SCEE,"Mar 25, 2015","Apr 23, 2017"
"Idea Factory",0,"Code: Realize - Bouquet of Rainbows","Visual Novel","Aksys Games","Mar 30, 2018","Jul 06, 2018"
"Vicarious Visions",0,"Crash Bandicoot N.Sane Trilogy",,Activision,"Jun 30, 2017","Jul 27, 2017"
Bungie,0,Destiny,"Action/Adventure, FPS",Activision,"Sep 09, 2014","Apr 30, 2017"
"Tango Gameworks",0,"The Evil Within 2",Action,"Bethesda Softworks","Oct 13, 2017","Dec 26, 2017"
"EA Sports",0,"FIFA 18",Sports,"Electronic Arts","Sep 29, 2017","Jul 15, 2018"
"Square Enix",0,"Final Fantasy XV","MMORPG, RPG","Square Enix","Nov 29, 2016","Apr 23, 2017"
SIE,0,"God of War",Action/Adventure,SIEE,"Apr 20, 2018","Apr 26, 2018"
Natsume,0,Godzilla,Action,"Bandai Namco","Jul 17, 2015","Apr 23, 2017"
"Quantic Dream",0,"Heavy Rain and Beyond Two Souls Collection",Adventure,SCEE,"Mar 04, 2016","Jun 25, 2018"
NetherRealm,0,"Injustice: Gods Among Us - Ultimate Edition",Fighting,"Warner Bros Interactive","Nov 29, 2013","Apr 23, 2017"
Spike,0,"J-Stars Victory VS+",Fighting,"Bandai Namco","Jun 26, 2015","Apr 23, 2017"
"Guerrilla Games",0,"Killzone: Shadow Fall","Action, Shooter",SCEE,"Nov 29, 2013","Apr 23, 2017"
SCEI,0,"The Last Guardian",Action/Adventure,SCEE,"Dec 09, 2016","Apr 23, 2017"
"Naughty Dog",0,"The Last of Us: Remastered",Action/Adventure,SCEE,"Aug 01, 2014","Apr 23, 2017"
Atlus,0,"Persona 5",RPG,"Deep Silver","Apr 04, 2017","Dec 26, 2017"
"Insomniac Games",0,"Ratchet & Clank",Action/Adventure,SCEE,"Apr 22, 2016","Apr 23, 2017"
"Rockstar Games",0,"Red Dead Redemption 2",Action/Adventure,"2K Games","Oct 26, 2018","Nov 14, 2018"
Capcom,0,"Resident Evil 7 Biohazard","Action, Survival Horror",Capcom,"Jan 24, 2017","Apr 23, 2017"
"Square Enix",0,"Secret of Mana",RPG,"Square Enix","Feb 15, 2018","Feb 15, 2018"
"Naughty Dog",0,"Uncharted 4: A Thief's End",Action/Adventure,SCEE,"May 10, 2016","Apr 23, 2017"
"Naughty Dog",0,"Uncharted: The Nathan Drake Collection","Action/Adventure, Compilation",SCEE,"Oct 09, 2015","Apr 23, 2017"
,0,Undertale,RPG,,"Aug 15, 2017","Nov 30, 2018"
"SuperMassive Games",0,"Until Dawn",Action,"Sony Computer Entertainment","Aug 28, 2015","Apr 23, 2017"
Natsume,0,"Wild Guns Reloaded","Action/Adventure, Shooter",Natsume,"Jan 18, 2017","Apr 23, 2017"
,0,7'scarlet,"Visual Novel","Aksys Games","May 25, 2018","Jul 06, 2018"
Vanillaware,0,"Dragon's Crown",RPG,"Atlus USA","Oct 11, 2013","Apr 23, 2017"
Sandlot,0,"Earth Defense Force 2: Invaders from Planet Space",Action,PQube,"Feb 12, 2016","Apr 23, 2017"
SCEJ,0,"Freedom Wars",Action,SCEE,"Oct 31, 2014","Apr 23, 2017"
SCEJ,0,"Gravity Rush",Action,SCEA,"Jun 11, 2012","May 16, 2017"
Vanillaware,0,"Muramasa Rebirth","Action, RPG","Aksys Games","Jun 25, 2013","Apr 23, 2017"
Atlus,0,"Persona 4 Golden",RPG,"NIS Europe","Feb 22, 2013","Apr 23, 2017"
"Idea Factory",0,"Psychedelica of the Ashen Hawk","Visual Novel","Aksys Games","Jun 29, 2018","Oct 28, 2018"
Otomate,0,"Psychedelica of The Black Butterfly",,"Aksys Games",,"Jul 06, 2018"
Nihilistic,0,"Resistance: Burning Skies",FPS,SCEA,"May 29, 2012","Apr 23, 2017"
"Japan Studio",0,"Soul Sacrifice","Action, RPG",SCEA,"May 01, 2013","Apr 23, 2017"
"Namco Bandai",0,"Tales of Hearts R",RPG,"Bandai Namco Games","Nov 14, 2014","Apr 23, 2017"
"Sony Bend",0,"Uncharted: Golden Abyss",Action/Adventure,SCEA,"Feb 15, 2012","Apr 23, 2017"
SCEE,0,"Wipeout 2048",Racing,SCEA,"Feb 15, 2012","Apr 23, 2017"
"Nihon Falcom",0,"Ys: Memories of Celceta",RPG,XSeed,"Feb 21, 2014","Apr 23, 2017"
"Square Enix",0,"The 3rd Birthday",RPG,"Square Enix","Mar 29, 2011","Apr 23, 2017"
Capcom,0,"Breath of Fire III",RPG,Capcom,"Feb 10, 2006","Apr 24, 2017"
"Criterion Studios",0,"Burnout Legends",Racing,"Electronic Arts","Sep 13, 2005","Apr 23, 2017"
"Digital Eclipse",0,"Capcom Classics Collection Reloaded",Retro,Capcom,"Oct 24, 2006","Apr 23, 2017"
Capcom,0,"Capcom Classics Collection Remixed",Retro,Capcom,"Mar 21, 2006","Apr 23, 2017"
Konami,0,"Castlevania: Dracula X Chronicles","Action, RPG","Konami Digital Entertainment","Oct 23, 2007","Apr 23, 2017"
"Square Enix",0,"Crisis Core: Final Fantasy VII",RPG,"Square Enix","Mar 25, 2008","Jan 07, 2018"
"Zoe Mode (Kuju)",0,Crush,Puzzle,"Sega of America","May 29, 2007","Apr 23, 2017"
"Vicious Cycle",0,"Dead Head Fred",Action/Adventure,"D3 Publishing","Aug 28, 2007","Apr 23, 2017"
"Backbone Entertainment",0,"Death Jr.",Shooter,"Konami Digital Entertainment","Aug 16, 2005","Apr 29, 2018"
"Nippon Ichi Software",0,"Disgaea: Afternoon of Darkness",RPG,"NIS America","Oct 30, 2007","Apr 23, 2017"
"Square Enix",0,"Dissidia 012: Final Fantasy",Fighting,"Square Enix","Mar 25, 2011","Apr 30, 2017"
"Square Enix",0,"DISSIDIA: Final Fantasy",RPG,"Square Enix","Aug 25, 2009","Apr 23, 2017"
"Square Enix",0,"Final Fantasy",RPG,"Square Enix","Jun 26, 2007","Apr 23, 2017"
"Square Enix",0,"Final Fantasy II",RPG,"Square Enix","Jul 24, 2007","Apr 23, 2017"
"Square Enix",0,"Final Fantasy Tactics: The War Of The Lions",RPG,"Square Enix","Oct 09, 2007","Apr 23, 2017"
"Polyphony D.",0,"Gran Turismo",Racing,SCEA,"Oct 01, 2009","Apr 23, 2017"
"Arc Systems Work",0,"Guilty Gear XX Accent Core Plus",Fighting,"Aksys Games","Apr 07, 2009","Apr 23, 2017"
"Planet Moon Studios",0,Infected,Shooter,"Majesco Entertainment","Nov 15, 2005","Apr 29, 2018"
"High Impact Games",0,"Jak and Daxter: The Lost Frontier",Action/Adventure,SCEA,"Nov 03, 2009","Apr 23, 2017"
Level-5,0,"Jeanne d'Arc",RPG,SCEA,"Aug 21, 2007","Apr 23, 2017"
Guerrilla,0,"Killzone: Liberation","Action, Shooter",SCEA,"Oct 31, 2006","Apr 23, 2017"
"Nihon Falcom Corp",0,"The Legend of Heroes: Trails in the Sky","Adventure, RPG","XSEED Games","Apr 05, 2011","Apr 23, 2017"
"Team 17",0,Lemmings,Puzzle,SCEA,"May 23, 2006","Apr 28, 2018"
"Media Molecule",0,LittleBigPlanet,Entertainment,SCEA,"Nov 17, 2009","Apr 23, 2017"
"Game Arts",0,"Lunar: Silver Star Harmony",RPG,"XSEED Games","Mar 02, 2010","Apr 23, 2017"
Capcom,0,"Mega Man Maverick Hunter X",Platformer,Capcom,"Jan 31, 2006","Sep 07, 2018"
Capcom,0,"Mega Man Powered Up",Platformer,Capcom,"Mar 14, 2006","Aug 26, 2018"
"Bigbig Studios",0,"MotorStorm: Arctic Edge",Racing,SCEA,"Sep 29, 2009","Apr 23, 2017"
SCEJ,0,"PaRappa the Rapper",Music,SCEA,"Jul 17, 2007","Apr 23, 2017"
SEGA,0,"Phantasy Star Portable",RPG,"Sega of America","Mar 03, 2009","Apr 23, 2017"
Capcom,0,"Power Stone Collection",Fighting,Capcom,"Oct 31, 2006","Apr 23, 2017"
"Vicious Cycle",0,"Puzzle Quest: Challenge of the Warlords",Puzzle,"D3 Publishing","Mar 20, 2007","Oct 21, 2017"
Atlus,0,"Shin Megami Tensei: Persona 3",RPG,"Atlus USA","Jul 06, 2010","Apr 23, 2017"
"Black Rock Studio",0,"Silent Hill Origins","Survival Horror","Konami Digital Entertainment","Nov 06, 2007","Apr 23, 2017"
"Sony Bend",0,"Syphon Filter: Logan's Shadow","Action, Shooter, Tactical",SCEA,"Oct 02, 2007","Apr 23, 2017"
"Square Enix",0,"Tactics Ogre: Let Us Cling Together","RPG, Strategy","Square Enix","Feb 15, 2011","Apr 23, 2017"
"Incognito Studios",0,"Twisted Metal: Head-On","Battle, Racing",SCEA,"Mar 15, 2005","Apr 23, 2017"
Capcom,0,"Ultimate Ghosts 'n Goblins","Action/Adventure, Platformer",Capcom,"Aug 29, 2006","Apr 23, 2017"
"Sony Online Entertainment",0,"Untold Legends: Brotherhood of the Blade",RPG,"Sony Online","Mar 22, 2005","May 03, 2018"
SCEE,0,"Wipeout Pure",Racing,SCEA,"Mar 15, 2005","Apr 23, 2017"
"Mesa Logic",0,"Area 51",Shooter,"Midway Games Ltd",2001,"May 04, 2017"
"Realtime Associates Inc.",0,Bug!,Action,"Sega of America Inc.","May 15, 1997","Jan 07, 2018"
AM7,0,"Clockwork Knight","Action, Platformer","Sega of America Inc.","Dec 09, 1995","Feb 08, 2018"
"Konami Co., Ltd.",0,"Crypt Killer",Shooter,"Konami of America, Inc.","Mar 07, 1997","Apr 30, 2017"
"Sega of Japan",0,"Fighting Vipers",Fighting,"Sega of America Inc.","Nov 30, 1996","Apr 23, 2017"
"Taito Corporation",0,"Galactic Attack",Shooter,"Acclaim Entertainment, Inc.","Sep 14, 1995","Feb 08, 2018"
SEGA,0,"Gale Racer",,Sega,"Dec 02, 1994","Apr 24, 2017"
"Probe Entertainment Ltd.",0,"Die Hard Trilogy",Action,FOX,"Jan 31, 1997","May 29, 2017"
Tantalus,0,"The House of the Dead",Shooter,Sega,"Dec 31, 1997","Apr 23, 2017"
"Quantum Factory, Inc.",0,"MechWarrior 2: 31st Century Combat",Simulation,"Activision, Inc.",1997,"Oct 16, 2017"
Micronet,0,Robotica,Action,"Acclaim Entertainment, Inc.",1995,"Jan 11, 2018"
SEGA,3,"Saturn Deluxe 3 Game Pak: Virtua Fighter 2 / Virtua Cop / Daytona Usa",,Sega,"Nov 27, 1996","Apr 23, 2017"
TrueMotion,0,"Sonic 3D Blast",Adventure,"Sega of America Inc.","Nov 20, 1996","Apr 23, 2017"
"Tiburon Entertainment, Inc.",0,"Soviet Strike",Shooter,"Electronic Arts",1997,"Oct 16, 2017"
AM2,0,"Virtua Cop 2",Shooter,Sega,"Nov 22, 1996","Apr 23, 2017"
AM3,0,"Virtual On: Cyber Troopers",Fighting,"Sega of America Inc.","Nov 12, 1996","Apr 24, 2017"
Jordan,0,"Alien vs Predator",Fighting,Activision,"Sep 03, 1993","Dec 26, 2017"
"Konami Co., Ltd.",0,"Batman Returns","Action, Adventure",Konami,"May 1993","May 31, 2018"
"Enix Corporation",0,"Brain Lord",RPG,"Enix America Inc.","Jan 27, 1994","Jan 21, 2018"
Rare,0,"Donkey Kong Country",Platformer,Nintendo,"Nov 21, 1994","Apr 30, 2017"
Rareware,0,"Donkey Kong Country 2: Diddy's Kong Quest",Platformer,Nintendo,"Nov 20, 1995","Jan 21, 2018"
Rare,0,"Donkey Kong Country 3: Dixie Kong's Double Trouble",Platformer,Nintendo,"Nov 23, 1996","Jan 21, 2018"
Nintendo,0,F-Zero,Racing,Nintendo,"Jan 01, 1991","Apr 30, 2017"
"Square Co. Ltd.",0,"Final Fantasy: Mystic Quest","Action/Adventure, RPG",SquareSoft,"Sep 10, 1992","Jul 27, 2017"
Capcom,0,"Final Fight",Fighting,Capcom,"Dec 21, 1990","Apr 30, 2017"
Konami,0,"Gradius III",Shooter,Konami,"Dec 21, 1991","Apr 28, 2018"
"Enix Corporation",0,"Illusion of Gaia",RPG,Nintendo,"Sep 27, 1994","Jan 21, 2018"
,0,"Jim Power: The Lost Dimension In 3D",Platformer,"Electro Brain Corp.",1993,"Apr 23, 2017"
"Rare Ltd.",0,"Killer Instinct",Fighting,Nintendo,1995,"Apr 23, 2017"
"Acclaim Entertainment, Inc.",0,"Krusty's Fun House",Action,Acclaim,1992,"Apr 23, 2017"
"Sculptured Software",0,"NCAA Basketball",Sports,Nintendo,"Oct 1992","Apr 23, 2017"
Nintendo,0,Pilotwings,"Flight Simulation",Nintendo,"Dec 21, 1990","Apr 30, 2017"
Activision,0,"Pitfall: The Mayan Adventure","Action, Adventure",Activision,"Nov 1994","Jun 28, 2018"
"Bitmasters, Inc",0,"Primal Rage",Action,"Time Warner Interactive","Nov 01, 1995","Apr 23, 2017"
Nintendo,0,"Stunt Race FX","Driving, Racing","Nintendo of America",1994,"Jan 20, 2018"
SquareSoft,0,"Super Mario RPG: Legend of the Seven Stars",RPG,Nintendo,"May 13, 1996","Dec 26, 2017"
Nintendo,0,"Super Mario World",Platformer,Nintendo,"Aug 01, 1991","Apr 23, 2017"
"Irem Software Engineering, Inc.",0,"Super R-Type",Shooter,Nintendo,"Jul 13, 1991","Apr 23, 2017"
"Sculptured Software, Inc",0,"Super Star Wars",Platformer,"JVC Musical Industries, Inc.","Oct 01, 1992","Jan 21, 2018"
"Sculptured Software",0,"Super Star Wars: Return of the Jedi",Platformer,"JVC Musical Industries, Inc.","Jun 1994","May 19, 2018"
"Sculptured Software, Inc.",0,"Super Star Wars: The Empire Strikes Back",Platformer,JVC,"Feb 24, 1994","May 11, 2018"
"Factor 5",0,"Super Turrican",Action,Seika,1993,"Mar 17, 2018"
Konami,0,"Teenage Mutant Ninja Turtles IV: Turtles in Time",Fighting,Konami,"Jul 24, 1992","Apr 23, 2017"
Capcom,0,"U.N. Squadron",Shooter,Capcom,1991,"Oct 21, 2017"
"DMA Design",0,Uniracers,Sports,Nintendo,"Jun 01, 1994","Jan 21, 2018"
"Disney Interactive",0,"Walt Disney's The Jungle Book","Action, Platformer","Virgin Interactive","Sep 29, 1994","Aug 26, 2018"
"Naxat Soft",0,"Alien Crush",Pinball,NEC,"Aug 29, 1989","Apr 03, 2018"
"Hudson Soft",0,"Blazing Lazers","Action, Shooter",NEC,1989,"Feb 04, 2018"
"Red Company",0,"Bonk's Adventure",Platformer,"Hudson Soft",1990,"Jan 14, 2018"
,0,Bravoman,,NEC,,"May 29, 2018"
Sphere,0,Falcon,"Flight Simulation","Spectrum Holobyte",1992,"Dec 27, 2017"
NEC,0,"Fantasy Zone",Shooter,NEC,1989,"Jul 11, 2018"
"Hudson Soft",0,"Keith Courage in Alpha Zones",Action,NEC,1989,"Dec 31, 2017"
"Hudson Soft",0,"The Legendary Axe","Action, Adventure",NEC,1989,"Dec 31, 2017"
Namco,0,Splatterhouse,Fighting,NEC,1990,"Apr 17, 2018"
"Irem Software Engineering, Inc.",0,Vigilante,Fighting,"Hudson Soft","Jan 01, 1990","Apr 04, 2018"
Cinematronics,0,"Armor Attack",Shooter,GCE,1982,"Jun 09, 2018"
GCE,0,Berzerk,"Action, Shooter",GCE,1982,"Jun 09, 2018"
GCE,0,"Cosmic Chasm","Action, Shooter",GCE,1982,"Jun 09, 2018"
GCE,0,"Fortress Of Narzod",Action,MB,1982,"Jun 09, 2018"
GCE,0,Scramble,Shooter,GCE,1982,"Jun 09, 2018"
"Milton Bradley",0,"Star Trek:The Motion Picture","Action, Shooter","Milton Bradley",1982,"Jun 09, 2018"
GCE,0,"Web Wars",,MB,1983,"Jun 09, 2018"
"Visceral Games",0,"Dead Space: Extraction",Action,"Electronic Arts","Sep 29, 2009","Apr 23, 2017"
Nintendo,0,"Excite Truck",Racing,Nintendo,"Nov 17, 2006","Apr 23, 2017"
SEGA-AM2,0,"Ghost Squad","Action, Shooter","Sega of America","Nov 20, 2007","Apr 23, 2017"
SEGA,0,"The House Of The Dead 2 & 3 Return","Action, Shooter","Sega of America","Mar 11, 2008","Apr 23, 2017"
"HAL Labs",0,"Kirby's Dream Collection: Special Edition",Platformer,Nintendo,"Sep 16, 2012","Apr 23, 2017"
Good-Feel,0,"KIrby's Epic Yarn",Action/Adventure,Nintendo,"Oct 17, 2010","Apr 23, 2017"
Nintendo,0,"The Legend Of Zelda: Skyward Sword",Action/Adventure,Nintendo,"Nov 21, 2011","Mar 21, 2018"
Hudson,0,"Lost In Shadow",Action/Adventure,"Hudson Entertainment","Jan 04, 2011","Apr 23, 2017"
"PlatinumGames Inc.",0,MadWorld,Action/Adventure,"Sega of America","Mar 10, 2009","Apr 23, 2017"
Nintendo,0,"Mario Party 8","Party, Puzzle",Nintendo,"May 29, 2007","Apr 23, 2017"
"Retro Studios",0,"Metroid Prime Trilogy","Action, Compilation, FPS",Nintendo,"Aug 24, 2009","Apr 23, 2017"
Nintendo,0,"Metroid: Other M",Action,Nintendo,"Aug 31, 2010","Apr 23, 2017"
Ubisoft,0,"Red Steel","Fighting, FPS",Ubisoft,"Nov 20, 2006","Jan 21, 2018"
Ubisoft,0,"Red Steel 2","Fighting, FPS",Ubisoft,"Mar 23, 2010","Apr 23, 2017"
Capcom,0,"Resident Evil: The Darkside Chronicles",Action/Adventure,Capcom,"Nov 17, 2009","Apr 23, 2017"
Capcom,0,"Resident Evil: Umbrella Chronicles","Action/Adventure, Survival Horror",Capcom,"Nov 13, 2007","Apr 23, 2017"
SEGA,0,"Sonic and the Secret Rings","Action, Platformer","Sega of America","Feb 20, 2007","Apr 23, 2017"
SEGA,0,"Sonic Colors",Action/Adventure,"Sega of America","Nov 16, 2010","Jul 27, 2017"
Nintendo,0,"Super Mario All-Stars: 25th Anniversary Edition",Platformer,Nintendo,"Dec 07, 2010","Apr 23, 2017"
Nintendo,0,"Super Mario Galaxy",Platformer,Nintendo,"Nov 12, 2007","Apr 23, 2017"
Nintendo,0,"Super Mario Galaxy 2","Action, Platformer",Nintendo,"May 24, 2010","Apr 23, 2017"
"Intelligent Systems",0,"Super Paper Mario","Action, Platformer",Nintendo,"Apr 09, 2007","Apr 23, 2017"
Nintendo,0,"Super Smash Bros. Brawl","Action, Fighting",Nintendo,"Mar 10, 2008","Apr 23, 2017"
Capcom,0,"Tatsunoko Vs. Capcom: Ultimate All Stars",Fighting,Capcom,"Dec 11, 2008","Sep 24, 2018"
"Intelligent Systems",0,"WarioWare: Smooth Moves","Party, Puzzle",Nintendo,"Jan 15, 2007","Apr 23, 2017"
Nintendo,0,"Wii Sports","Party, Sports",Nintendo,"Nov 17, 2006","Apr 30, 2017"
Nintendo,0,"Wii Sports Resort",Sports,Nintendo,"Jul 28, 2009","Apr 30, 2017"
"PlatinumGames Inc.",0,"Bayonetta 2",Action,"Sega of America","Oct 24, 2014","Apr 23, 2017"
Nintendo,0,"Captain Toad: Treasure Tracker",Action/Adventure,Nintendo,"Jan 02, 2015","Apr 23, 2017"
Nintendo,0,"Devil's Third",Action,Nintendo,"Aug 28, 2015","Dec 26, 2017"
Nintendo,0,"The Legend of Zelda: The Wind Waker HD","Action/Adventure, Adventure",Nintendo,"Oct 04, 2013","Apr 23, 2017"
Nintendo,0,"The Legend of Zelda: Twilight Princess HD","Action/Adventure, RPG",Nintendo,"Mar 04, 2016","Apr 23, 2017"
Nintendo,0,"Mario Party 10",Party,Nintendo,"Mar 20, 2015","Apr 23, 2017"
Comcept,0,"Mighty No. 9",Action,"Deep Silver","Jun 24, 2016","Apr 23, 2017"
Nintendo,0,"New Super Mario Bros U + Super Luigi U",Platformer,Nintendo,"Apr 15, 2016","Apr 23, 2017"
"Tragnarion Studios",0,"Ninja Gaiden 3: Razor's Edge","Action, Fighting",Tecmo,"Jan 11, 2013","Apr 23, 2017"
"Intelligent Systems",0,"Paper Mario Color Splash","Action/Adventure, RPG",Nintendo,"Oct 07, 2016","Apr 23, 2017"
Nintendo,0,"Pikmin 3",Strategy,Nintendo,"Jul 26, 2013","Apr 23, 2017"
Nintendo,0,"Star Fox Guard",Strategy,Nintendo,"Apr 22, 2016","Sep 10, 2017"
Nintendo,0,"Star Fox Zero",Action/Adventure,Nintendo,"Apr 22, 2016","Sep 10, 2017"
Nintendo,0,"Super Mario 3D World",Action,Nintendo,"Nov 29, 2013","Apr 23, 2017"
Nintendo,0,"Super Smash Bros. for Wii U","Action, Fighting",Nintendo,"Dec 05, 2014","Apr 23, 2017"
"PlatinumGames Inc.",0,"The Wonderful 101",Action,Nintendo,"Aug 23, 2013","Apr 23, 2017"
"Monolith Software",0,"Xenoblade Chronicles X",RPG,Nintendo,"Dec 04, 2015","Apr 23, 2017"
Nintendo,0,"Yoshi's Woolly World",Adventure,Nintendo,"Jun 26, 2015","Apr 23, 2017"
Ubisoft,0,ZombiU,Action,Ubisoft,"Nov 30, 2012","Apr 23, 2017"
"Bandai Namco",0,Breakdown,Action,"Namco Bandai","Mar 16, 2004","Apr 23, 2017"
"Digital  Anvil",0,"Brute Force","Action, Shooter",Microsoft,"May 27, 2003","Apr 23, 2017"
Spark,0,"Call of Duty: Finest Hour","FPS, Shooter",Activision,"Nov 16, 2004","Apr 23, 2017"
Microsoft,0,"Crimson Skies: High Road to Revenge","Flight Simulation, Simulator",Microsoft,"Oct 21, 2003","Apr 23, 2017"
"Team Ninja",0,"Dead or Alive 3","Action, Fighting",Tecmo,"Nov 08, 2001","Apr 23, 2017"
"Vis Entertainment",0,"Evil Dead: A Fistful of Boomstick",Action,THQ,"Jun 16, 2003","Apr 23, 2017"
"Cranky Pants Games",0,"Evil Dead: Regeneration",Action,THQ,"Sep 13, 2005","Apr 23, 2017"
"Rockstar North",0,"Grand Theft Auto: San Andreas","Adventure, Driving","Rockstar Games","Jun 07, 2005","Aug 18, 2018"
Smilebit,0,"Gun Valkyrie","Adventure, Shooter",Atari,"Mar 21, 2002","Apr 23, 2017"
"Rockstar Vienna",0,"Max Payne",Action,"Rockstar Games","Dec 14, 2001","Apr 23, 2017"
"Day 1 Studios",0,MechAssault,"Action, Simulation",Microsoft,"Nov 12, 2002","Apr 23, 2017"
,0,"NCAA Football 2005 / Top Spin",Compilation,"Microsoft Game Studios",,"Aug 18, 2018"
Smilebit,0,"Panzer Dragoon Orta","Adventure, Shooter","Sega of America","Jan 14, 2003","Apr 23, 2017"
"Rockstar San Diego",0,"Red Dead Revolver","Action, Shooter","Rockstar Games","May 03, 2004","Apr 23, 2017"
"Nerve Software",0,"Return to Castle Wolfenstein: Tides of War","FPS, Shooter",Activision,"May 06, 2003","Apr 23, 2017"
"Titus Software",0,Robocop,"Action, Shooter","Titus Software","Jul 29, 2003","Aug 18, 2018"
SEGA,0,"Sega GT 2002 / Jet Set Radio Future","Driving, Sports",Microsoft,"Oct 15, 2002","Apr 23, 2017"
SEGA-AM2,0,"Shenmue II","Adventure, RPG",Microsoft,"Oct 29, 2002","Apr 23, 2017"
Capcom,0,"Tim Burton's The Nightmare Before Christmas: Oogie's Revenge","Action/Adventure, Platformer","Disney Interactive Studios","Oct 11, 2005","Apr 23, 2017"
Ubisoft,0,"Tom Clancy's Splinter Cell Pandora Tomorrow","Adventure, Tactical",Ubisoft,"Mar 23, 2004","Oct 28, 2018"
"Raven Software",0,"X-Men Legends","Fighting, RPG",Activision,"Sep 21, 2004","Apr 23, 2017"
Ubisoft,0,"Assassin's Creed","Action, Action/Adventure, Sandbox",Ubisoft,"Nov 13, 2007","Apr 23, 2017"
Ubisoft,0,"Assassin's Creed II",Action/Adventure,Ubisoft,"Nov 17, 2009","Apr 23, 2017"
Ubisoft,0,"Assassin's Creed III",Action/Adventure,Ubisoft,"Oct 31, 2012","Apr 23, 2017"
Ubisoft,0,"Assassin's Creed IV: Black Flag",Action/Adventure,Ubisoft,"Oct 29, 2013","Jun 28, 2017"
Ubisoft,0,"Assassin's Creed: Brotherhood",Action/Adventure,Ubisoft,"Nov 16, 2010","Apr 23, 2017"
Mistwalker,0,"Blue Dragon",RPG,Microsoft,"Aug 28, 2007","Apr 23, 2017"
Harmonix,0,"Dance Central 2",Music,Microsoft,"Oct 18, 2011","Apr 23, 2017"
Capcom,0,"Dead Rising","Action, Survival Horror",Capcom,"Aug 08, 2006","Apr 23, 2017"
Cave,0,Deathsmiles,Shooter,"Rising Star","Sep 28, 2010","Apr 20, 2018"
"Epic Games",0,"Gears of War","Action, Shooter",Microsoft,"Nov 07, 2006","Apr 23, 2017"
"Epic Games",0,"Gears of War 2","Action, Shooter",Microsoft,"Nov 07, 2008","Apr 23, 2017"
"Epic Games",0,"Gears of War 3",Action,Microsoft,"Sep 20, 2011","Apr 23, 2017"
"Epic Games",0,"Gears of War: Judgement",Action,Microsoft,"Mar 22, 2013","Apr 23, 2017"
Bungie,0,"Halo 3","FPS, Shooter",Microsoft,"Sep 25, 2007","Apr 23, 2017"
"343 Industries",0,"Halo: Combat Evolved Anniversary",FPS,Microsoft,"Nov 15, 2011","Apr 23, 2017"
Bungie,0,"Halo: Reach",FPS,Microsoft,"Sep 14, 2010","Apr 23, 2017"
Rare,0,"Kameo: Elements of Power","Action/Adventure, Platformer",Microsoft,"Nov 08, 2005","Jan 07, 2018"
"Good Science Studio",0,"Kinect Adventures!","Action/Adventure, Entertainment",Microsoft,"Nov 04, 2010","Apr 23, 2017"
"Grasshopper Manufacture",0,"Lollipop Chainsaw",Action,"Warner Bros Interactive","Jun 12, 2012","Apr 23, 2017"
Mistwalker,0,"Lost Odyssey",RPG,Microsoft,"Feb 12, 2008","Apr 23, 2017"
NetherRealm,0,"Mortal Kombat vs. DC Universe",Fighting,Midway,"Nov 18, 2008","Apr 23, 2017"
"Team Ninja",0,"Ninja Gaiden II","Fighting, Hack & Slash",Microsoft,"Jun 03, 2008","Apr 23, 2017"
Capcom,0,"Resident Evil 6","Survival Horror",Capcom,"Oct 02, 2012","Apr 23, 2017"
"Bandai Namco",0,Splatterhouse,Action,"Namco Bandai","Nov 23, 2010","Apr 23, 2017"
Capcom,0,"Ultimate Marvel vs. Capcom 3",Fighting,Capcom,"Nov 15, 2011","Apr 23, 2017"
"Raven Software",0,Wolfenstein,FPS,Activision,"Aug 18, 2009","Apr 23, 2017"
