Platform,Title,Genre,Publisher,Developer,Release Date,Audience Rating
Family Computer / Famicom,Clu Clu Land,Action,Nintendo,Nintendo,22-Nov-84,
Family Computer / Famicom,Demon Sword,"Action, Platformer",Taito,Taito,29-Mar-89,
Family Computer / Famicom,F1 Race,Racing,Nintendo,HAL Laboratory Inc.,2-Nov-84,
Family Computer / Famicom,Final Fantasy I-II,RPG,SquareSoft,SquareSoft,27-Feb-94,
Family Computer / Famicom,Gradius,Shooter,Konami,Konami,25-Apr-86,
Family Computer / Famicom,Hokuto no Ken II: Seikimatsu Kyuuseishu Densetsu,Action,Toei Animation,Shouei,17-Apr-87,
Family Computer / Famicom,Holy Diver,Platformer,Irem,Irem,28-Apr-89,
Family Computer / Famicom,RockMan 5,Platformer,Capcom,Capcom,4-Dec-92,
Family Computer / Famicom,Super Mario Bros.,Platformer,Nintendo,Nintendo,13-Sep-85,
Family Computer / Famicom,Super Mario Bros. 3,Platformer,Nintendo,Nintendo,23-Oct-88,
Family Computer Disk System,Akumajo Dracula,Platformer,Konami,Konami,26-Sep-86,
Family Computer Disk System,Famicom Grand Prix II: 3D Hot Rally,Racing,Nintendo,Nintendo,14-Apr-88,
Family Computer Disk System,Famicom Grand Prix: F1 Race,Racing,Nintendo,Nintendo,30-Oct-87,
Family Computer Disk System,The Legend of Zelda 2: Link no Bouken,"Action/Adventure, Adventure",Nintendo,Nintendo,14-Jan-87,
Family Computer Disk System,The Mysterious Murasame Castle,Action,Nintendo,Nintendo,14-Apr-86,
Family Computer Disk System,Super Mario Bros. 2,Adventure,Nintendo,Nintendo,3-Jun-86,
Family Computer Disk System,Yume Koujou: Doki Doki Panic,Platformer,Fuji Television,Nintendo,10-Jul-87,
Family Computer Disk System,Zelda no Densetsu: The Hyrule Fantasy,Action/Adventure,Nintendo,Nintendo,21-Feb-86,
Game Boy,The Castlevania Adventure,"Action, Adventure",Konami,"Konami Co., Ltd.",27-Dec-90,
Game Boy,Castlevania II: Belmont's Revenge,"Action, Adventure","Konami of America, Inc.",Konami,12-Aug-91,
Game Boy,Final Fantasy Adventure,RPG,Sunsoft,Square Co. Ltd.,1-Nov-91,
Game Boy,Game & Watch Gallery,"Action, Compilation","Nintendo of America, Inc.",Nintendo Co. Ltd.,1997,
Game Boy,Gargoyle's Quest,Action,Capcom USA,Capcom,1990,
Game Boy,Harvest Moon,Simulation,Crave Entertainment,,1998,
Game Boy,Kid Icarus: Of Myths and Monsters,Shooter,Nintendo,Nintendo Co. Ltd.,1991,
Game Boy,Metroid II: Return of Samus,"Action, Adventure, Shooter",Nintendo,Nintendo,26-Aug-92,
Game Boy,Nemesis,"Action, Shooter",Ultra Games,"Konami Co., Ltd.",Apr-90,
Game Boy,Operation C,"Action, Platformer, Shooter",Ultra Games,"Konami Co., Ltd.",1991,
Game Boy,Pokémon Blue Version,RPG,Nintendo,Game Freak,30-Sep-98,Everyone
Game Boy,Pokémon Red Version,"Adventure, RPG","Nintendo of America, Inc.","Game Freak, Inc.",30-Sep-98,Everyone
Game Boy,Pokémon Trading Card Game,Cards,Coconuts Japan,Marionette,15-Jun-90,
Game Boy,Pokémon Yellow Version,"Action, RPG",Nintendo,"Game Freak, Inc.",19-Oct-99,Everyone
Game Boy,Super Mario Land,Platformer,"Nintendo of America, Inc.",Nintendo Co. Ltd.,1-Aug-89,
Game Boy,Super Mario Land 2: 6 Golden Coins,Platformer,"Nintendo of America, Inc.",Nintendo Co. Ltd.,1-Nov-92,
Game Boy,Tetris,"Action, Puzzle","Nintendo of America, Inc.",Bullet-Proof Software,1-Sep-89,
Game Boy,Wario Land II,Platformer,Nintendo,"Nintendo Co., Ltd.",31-Mar-98,
Game Boy,Wario Land: Super Mario Land 3,"Action, Platformer","Nintendo of America, Inc.",Nintendo Co. Ltd.,1-Feb-94,
Game Boy Advance,Advance Wars,Strategy,Nintendo,Intelligent Systems,11-Sep-01,
Game Boy Advance,Advance Wars 2: Black Hole Rising,Strategy,Nintendo,Intelligent Systems,23-Jun-03,
Game Boy Advance,Boktai: The Sun Is In Your Hand,"Action, Adventure, RPG",Konami,Konami,16-Sep-03,
Game Boy Advance,Castlevania: Circle of the Moon,"Adventure, RPG",Konami,Konami,8-Jun-01,
Game Boy Advance,Doom,Shooter,Activision,David A. Palmer IMS Productions,27-Oct-01,
Game Boy Advance,Doom II,Shooter,Activision,Torus Games,24-Oct-02,
Game Boy Advance,Final Fantasy V Advance,RPG,Nintendo,Square Enix,6-Nov-06,
Game Boy Advance,Final Fantasy VI Advance,RPG,Nintendo of America,Square Enix,5-Feb-07,Everyone 10+
Game Boy Advance,Fire Emblem,"Real Time Strategy, RPG, Strategy",Nintendo,Intelligent Systems,6-Nov-03,
Game Boy Advance,Fire Emblem: The Sacred Stones,"RPG, Strategy",Nintendo of America,Intelligent Systems,23-May-05,
Game Boy Advance,Frogger's Adventures: Temple of the Frog,Platformer,Konami,,23-Nov-01,
Game Boy Advance,Game & Watch Gallery 4,Compilation,Nintendo,Nintendo,28-Oct-02,
Game Boy Advance,Golden Sun,RPG,"Nintendo of America, Inc.",Camelot Software Planning,13-Nov-01,Everyone
Game Boy Advance,Golden Sun: The Lost Age,RPG,"Nintendo of America, Inc.",Camelot Software Planning,13-Apr-03,
Game Boy Advance,Gunstar Super Heroes,"Action, Adventure",Sega,Treasure,26-Oct-05,
Game Boy Advance,Harvest Moon: Friends of Mineral Town,RPG,SVG Distribution,Natsume Inc.,12-Nov-03,
Game Boy Advance,Harvest Moon: More Friends of Mineral Town,RPG,Marvelous Entertainment,TOSE,12-Dec-03,
Game Boy Advance,The Legend of Zelda: A Link to the Past w/ the Four Swords,"Action, RPG",Nintendo,Nintendo,3-Dec-02,
Game Boy Advance,The Legend of Zelda: The Minish Cap,"Action, RPG",Nintendo,Flagship,11-Jan-05,Everyone
Game Boy Advance,Mario Kart Super Circuit,Racing,Nintendo,Intelligent Systems,28-Aug-01,Everyone
Game Boy Advance,Medal of Honor: Infiltrator,"Action, Shooter",EA GAMES,HotGen Studios,18-Nov-03,
Game Boy Advance,Metroid Fusion,"Adventure, Shooter","Nintendo of America, Inc.",Nintendo Co. Ltd.,19-Nov-02,Everyone
Game Boy Advance,Metroid: Zero Mission,Shooter,"Nintendo of America, Inc.",Nintendo Co. Ltd.,10-Feb-04,Everyone
Game Boy Advance,Mother 3,RPG,Nintendo,Nintendo,20-Apr-06,
Game Boy Advance,Pokémon Emerald Version,RPG,Nintendo,Game Freak,29-Apr-05,
Game Boy Advance,Pokémon FireRed Version,RPG,Nintendo,Game Freak,8-Sep-04,
Game Boy Advance,Pokémon Leaf Green Version,RPG,Nintendo,Game Freak,8-Sep-04,
Game Boy Advance,Pokémon Ruby Version,RPG,Nintendo,Game Freak,18-Mar-03,
Game Boy Advance,Pokémon Sapphire Version,RPG,Nintendo,Game Freak,17-Mar-03,
Game Boy Advance,Super Mario Advance,"Adventure, Platformer",Nintendo,Nintendo,11-Jun-01,
Game Boy Advance,Super Mario Advance 3: Yoshi's Island,Platformer,Nintendo,Nintendo,11-Oct-02,
Game Boy Advance,Super Mario Advance 4: Super Mario Bros. 3,"Adventure, Platformer",Nintendo,Nintendo,21-Oct-03,Everyone
Game Boy Advance,Super Mario World: Super Mario Advance 2,"Action, Adventure, Platformer","Nintendo of America, Inc.",Nintendo,11-Feb-02,Everyone
Game Boy Advance,Sword of Mana,"Action, RPG",Nintendo,Square Enix,2-Dec-03,
Game Boy Advance,Wario Land 4,"Action, Platformer",Nintendo,Nintendo,16-Nov-01,
Game Boy Color,Game & Watch Gallery 2,Action,Nintendo,Nintendo EAD,1998,
Game Boy Color,Game & Watch Gallery 3,Action,"Nintendo of America, Inc.",Intelligent Systems,1999,
Game Boy Color,Harvest Moon 2,RPG,Natsume,Victor Interactive Software,30-Mar-01,
Game Boy Color,Harvest Moon 3,Simulation,Natsume,,2001,
Game Boy Color,Kirby's Tilt 'n' Tumble,"Action, Puzzle","Nintendo of America, Inc.",HAL Laboratory Inc.,23-Aug-01,
Game Boy Color,The Legend of Zelda: Oracle of Ages,"Adventure, RPG",Nintendo,Flagship,17-May-01,Everyone
Game Boy Color,The Legend of Zelda: Oracle of Seasons,"Adventure, RPG",Nintendo,Flagship,17-May-01,Everyone
Game Boy Color,Metal Gear Solid,"Action, Strategy",Konami,"Konami Computer Entertainment Japan Co., Ltd.",4-May-00,
Game Boy Color,Pokémon Crystal Version,RPG,Nintendo,"Game Freak, Inc.",30-Jul-01,
Game Boy Color,Pokémon Gold Version,RPG,Nintendo,Game Freak,14-Oct-00,Everyone
Game Boy Color,Pokémon Pinball,"Action, Pinball",Nintendo,Jupiter,31-Jul-99,
Game Boy Color,Pokémon Puzzle Challenge,Puzzle,Nintendo,Intelligent Systems,21-Sep-00,
Game Boy Color,Pokémon Silver Version,RPG,Nintendo,Game Freak,12-Oct-00,
Game Boy Color,Robopon: Sun Version,RPG,Atlus,,2000,
Game Boy Color,Super Mario Bros. Deluxe,"Action, Platformer",Nintendo,Nintendo,30-Apr-99,
Game Boy Color,Wario Land 3,Platformer,Nintendo,Nintendo R&D1,1-Jun-00,Everyone
GameCube,Battalion Wars,Strategy,Nintendo,Kuju Ent.,19-Sep-05,Teen
GameCube,Burnout 2: Point of Impact,Racing,Acclaim,Criterion Studios,8-Apr-03,Everyone
GameCube,Chibi-Robo,"Action/Adventure, Puzzle, Strategy",Nintendo,Nintendo,6-Feb-06,Everyone 10+
GameCube,Eternal Darkness: Sanity's Requiem,"Action/Adventure, Puzzle, Survival Horror",Nintendo,Silicon Knights,24-Jun-02,Mature
GameCube,F-Zero GX,Racing,Nintendo,Amusement Vision,26-Aug-03,Teen
GameCube,Game Boy Player Start-Up Disc,Other,Nintendo,"Nintendo of America, Inc.",24-Jun-03,
GameCube,Harvest Moon: A Wonderful Life,"Adventure, RPG",Natsume Inc.,Marvelous Interactive,16-Mar-04,Everyone
GameCube,The Legend of Zelda Collector's Edition,"Adventure, RPG",Nintendo,Nintendo,4-Nov-03,Everyone
GameCube,The Legend of Zelda: Four Swords Adventures,"Action/Adventure, RPG",Nintendo,Nintendo,7-Jun-04,Everyone
GameCube,Luigi's Mansion,Platformer,Nintendo,Nintendo,18-Nov-01,Everyone
GameCube,Mario Kart: Double Dash!!,Racing,Nintendo,Nintendo,17-Nov-03,Everyone
GameCube,Metroid Prime,"FPS, Shooter",Nintendo,Retro Studios,18-Nov-02,Teen
GameCube,Paper Mario: The Thousand-Year Door,"Platformer, RPG",Nintendo,Nintendo,11-Oct-04,Everyone
GameCube,Pikmin,"Adventure, Strategy",Nintendo,Nintendo,3-Dec-01,Everyone
GameCube,Resident Evil,"Action/Adventure, Survival Horror",Capcom,Capcom,1-May-02,Mature
GameCube,Resident Evil Zero,Survival Horror,Capcom,Capcom,12-Nov-02,Mature
GameCube,Star Fox Adventures,Action/Adventure,Nintendo,Rare,23-Sep-02,Teen
GameCube,Star Wars Bounty Hunter,"Action, Adventure, Shooter",LucasArts,LucasArts,4-Dec-02,Teen
GameCube,Star Wars Rogue Leader: Rogue Squadron II,"Flight Simulation, Shooter",LucasArts,Factor 5,18-Nov-01,Teen
GameCube,Star Wars Rogue Squadron III: Rebel Strike,"Flight Simulation, Shooter, Simulator",LucasArts,Factor 5,21-Oct-03,Teen
GameCube,StarFox Assault,"Action, Shooter",Nintendo,Bandai Namco,14-Feb-05,Teen
GameCube,Super Mario Sunshine,"Adventure, Platformer",Nintendo,Nintendo,26-Aug-02,Everyone
GameCube,Super Smash Bros. Melee,"Fighting, Party",Nintendo,HAL Labs,3-Dec-01,Teen
GameCube,Viewtiful Joe,"Action, Adventure, Fighting",Capcom,Capcom,7-Oct-03,Teen
GameCube,Wario World,"Action, Platformer",Nintendo,Treasure,23-Jun-03,Everyone
NES,1942,Shooter,Capcom,Capcom,Nov-86,
NES,1943: The Battle of Midway,Shooter,Capcom,Capcom,Oct-88,
NES,Adventure Island,Platformer,Hudson Soft,Hudson Soft,12-Sep-86,
NES,Adventure Island 3,Platformer,Hudson Soft,"Hudson Soft Co., Ltd.",Sep-92,
NES,Adventure Island II,Platformer,Hudson Soft,"Hudson Soft Co., Ltd.",Feb-91,
NES,After Burner,"Flight Simulation, Shooter",Tengen,JoWood,Jan-89,
NES,Bad Street Brawler,Action,Mattel Electronics,Beam Software Pty. Ltd.,Sep-89,
NES,Balloon Fight,Action,Nintendo,Hi-Tech,15-Dec-86,
NES,Batman: Return of the Joker,"Adventure, Shooter",Sunsoft,Sunsoft,Dec-91,
NES,Batman: The Video Game,"Action, Shooter",Sunsoft,Synapse Software,22-Dec-89,
NES,Battletoads,Action,"Tradewest, Inc.",Rare Ltd.,Jun-91,
NES,Bionic Commando,"Platformer, Shooter",Capcom,Capcom,Dec-88,
NES,Blaster Master,Shooter,Sunsoft,Sunsoft,1988,Everyone
NES,Bubble Bobble,Action,Taito,Taito,26-Oct-90,Everyone
NES,Castlevania,Action,Konami,Konami,26-Sep-86,
NES,Castlevania III: Dracula's Curse,"Action, Adventure",Konami,Konami,Sep-90,
NES,Castlevania II: Simon's Quest,"Adventure, RPG",Konami,Konami,Dec-88,
NES,Clash at Demonhead,Shooter,Vic Tokai Inc.,Vic Tokai Inc.,Dec-89,
NES,Commando,Shooter,"Capcom USA, Inc.","Capcom Co., Ltd.",1986,
NES,Contra,"Platformer, Shooter",Konami,Konami,2-Feb-88,
NES,Super C,Shooter,Konami,Konami,Mar-90,
NES,Crystalis,"Adventure, RPG",SNK Corporation of America,SNK Corporation,1990,
NES,Donkey Kong Classics,Action,"Nintendo of America, Inc.",Nintendo Co. Ltd.,Oct-88,
NES,Double Dragon,Action,"Tradewest, Inc.",Technos Japan Corp.,1988,
NES,Double Dragon II: The Revenge,Action,Acclaim,Technos Japan Corp.,Jan-90,
NES,Dr. Mario,Puzzle,Nintendo,Nintendo,Oct-90,Everyone
NES,Dragon Warrior,RPG,Nintendo,Enix Corporation,Aug-89,
NES,Dragon Warrior II,RPG,Enix,Enix Corporation,Oct-90,
NES,Dragon Warrior III,RPG,Enix,Enix Corporation,1992,
NES,Dragon Warrior IV,RPG,Enix,Enix Corporation,1-Oct-92,Wrong game
NES,Excitebike,"Racing, Sports",Nintendo,Nintendo,1-Sep-86,
NES,Faxanadu,"Action, Adventure, RPG","Nintendo of America, Inc.","Hudson Soft Co., Ltd.",Aug-89,
NES,Felix the Cat,Action,"Hudson Soft USA, Inc.","Hudson Soft Co., Ltd.",Oct-92,
NES,Final Fantasy,RPG,Square,Square,18-Dec-87,Wrong game
NES,Freedom Force,"Action, Shooter",Sunsoft,Sunsoft,Apr-88,
NES,G.I. Joe: A Real American Hero,Action,TAXAN USA Corporation,Hasbro,Jan-91,
NES,Galaga: Demons of Death,"Action, Shooter",Bandai,Namco,1988,
NES,Gargoyle's Quest II: The Demon Darkness,"Adventure, RPG","Capcom USA, Inc.","Capcom Co., Ltd.",Oct-92,
NES,Gauntlet,Action,Tengen,Tengen,1987,
NES,Gauntlet II,Action,Mindscape Inc.,Mindscape,Sep-90,
NES,Ghostbusters,Action,"Activision, Inc.",BITS Studios,1988,Teen
NES,Ghostbusters II,Action,"Activision, Inc.","Activision, Inc.",Apr-90,
NES,Ghosts'n Goblins,"Action, Adventure","Capcom USA, Inc.","Capcom Co., Ltd.",1986,
NES,Gradius,Shooter,"Konami of America, Inc.","Konami Co., Ltd.",1986,
NES,Ice Climber,Action,Nintendo,Nintendo,Oct-85,
NES,Iron Sword,"Action/Adventure, Platformer",Acclaim,Rare,Dec-89,
NES,Ironsword: Wizards and Warriors 2,Action/Adventure,"Acclaim Entertainment, Inc.",Rare Ltd.,Dec-89,
NES,Jackal,Shooter,Konami,Konami,Sep-88,
NES,Joust,Action,"HAL America, Inc.",Williams Entertainment Inc.,Oct-88,
NES,Kid Icarus,"Action, Shooter",Nintendo,Nintendo,Aug-87,
NES,Kirby's Adventure,Action,"Nintendo of America, Inc.",HAL Laboratory Inc.,May-93,
NES,Kung Fu,Fighting,Nintendo,Nintendo,Oct-85,
NES,The Legend of Zelda,"Action/Adventure, RPG",Nintendo,Nintendo,22-Aug-87,
NES,Life Force,Shooter,"Konami of America, Inc.","Konami Co., Ltd.",Aug-88,
NES,M.U.S.C.L.E.,Sports,"Bandai America, Inc.","Bandai Co., Ltd.",Oct-86,
NES,Mario Bros.,Action,"Nintendo of America, Inc.",Nintendo Co. Ltd.,14-Jul-83,
NES,Mega Man,Platformer,Capcom,Capcom,Dec-87,
NES,Mega Man 2,Platformer,Capcom,Capcom,Jun-89,
NES,Mega Man 3,"Platformer, Shooter",Capcom,Capcom,Dec-90,
NES,Mega Man 4,"Platformer, Shooter",Capcom,Capcom,Jan-92,
NES,Metroid,"Platformer, Shooter",Nintendo,Nintendo,6-Aug-86,
NES,Milon's Secret Castle,Action,"Hudson Soft USA, Inc.","Hudson Soft Co., Ltd.",Sep-88,
NES,Ninja Gaiden,Platformer,Tecmo,"Tecmo, Ltd.",Mar-89,
NES,Ninja Gaiden II: The Dark Sword of Chaos,Platformer,Tecmo,"Tecmo, Ltd.",6-May-90,
NES,Ninja Gaiden III: The Ancient Ship of Doom,"Action, Platformer","Tecmo, Inc.","Tecmo, Ltd.",21-Aug-91,
NES,Nobunaga's Ambition,"Action, Strategy",KOEI Corporation,KOEI,Jun-89,
NES,Pac-Man,Action,Tengen,Namco Ltd.,Nov-93,
NES,Paperboy,Racing,Mindscape Inc.,Mindscape Inc.,Dec-88,
NES,Pro Wrestling,"Sports, Wrestling","Nintendo of America, Inc.",Nintendo Co. Ltd.,Mar-87,
NES,Punch-Out!!,Sports,Nintendo of America,Nintendo,1985,
NES,R.C. Pro-Am,Racing,"Nintendo of America, Inc.",Rare Ltd.,Feb-88,
NES,Rad Racer,Racing,Nintendo,Square Co. Ltd.,Oct-87,
NES,Rad Racer II,"Racing, Sports","Square Soft, Inc.",Square Co. Ltd.,Jun-90,
NES,Rampage,Action,Data East Corporation,Data East Corp.,Dec-88,
NES,River City Ransom,"Action, Fighting",American Technos Inc.,Technos Japan Corp.,Jan-90,
NES,Rygar,"Action, Sports",Tecmo,Tecmo Ltd.,Oct-87,
NES,Skate or Die,Sports,Ultra Games,Konami,Dec-88,
NES,Ski or Die,Sports,Ultra Games,"Konami Co., Ltd.",Feb-91,
NES,StarTropics,"Adventure, RPG",Nintendo of America,Nintendo,Dec-90,
NES,Super Glove Ball,Action,Mattel Electronics,Rare Ltd.,1990,
NES,Super Mario Bros. / Duckhunt,Platformer,Nintendo USA,Nintendo,18-Oct-88,Everyone
NES,Super Mario Bros. 2,Platformer,Nintendo,Nintendo,10-Oct-88,
NES,Super Mario Bros. 3,Platformer,Nintendo,Nintendo,12-Feb-90,
NES,Super Mario Bros./Duck Hunt/World Class Track Meet,"Retro, Sports",Nintendo,Nintendo,1988,
NES,Swords and Serpents,RPG,"Acclaim Entertainment, Inc.","Interplay Productions, Inc.",1990,
NES,Tecmo Bowl,Sports,"Tecmo, Inc.","Tecmo, Ltd.",1-Feb-89,
NES,Tecmo Super Bowl,Sports,"Tecmo, Inc.","Tecmo, Ltd.",1991,
NES,Teenage Mutant Ninja Turtles,Action,Palcom,Konami,17-Aug-90,Kids to Adults
NES,Teenage Mutant Ninja Turtles II: The Arcade Game,Action,Ultra Games,Konami,1990,
NES,Teenage Mutant Ninja Turtles III: The Manhattan Project,Action,"Konami of America, Inc.","Konami Co., Ltd.",1992,Kids to Adults
NES,Tetris,Puzzle,Nintendo,Nintendo,22-Dec-88,
NES,The Three Stooges,Action,"Activision, Inc.",Beam Software Pty. Ltd.,1989,
NES,Track & Field II,Sports,"Konami of America, Inc.","Konami Co., Ltd.",1989,
NES,Wheel of Fortune: Family Edition,,GameTek,Rare Ltd.,1990,
NES,Wrecking Crew,Action,"Nintendo of America, Inc.",Nintendo Co. Ltd.,18-Oct-85,
NES,Zelda II: The Adventure of Link,RPG,Nintendo,Nintendo,1-Mar-88,Everyone
NES,Zoda's Revenge: Star Tropics II,RPG,Nintendo,Nintendo,1994,
Nintendo DS,Advance Wars: Days of Ruin,Strategy,Nintendo,Intelligent Systems,21-Jan-08,Everyone 10+
Nintendo DS,Advance Wars: Dual Strike,Strategy,Nintendo,Intelligent Systems,22-Aug-05,Everyone
Nintendo DS,Age of Empires: The Age of Kings,Strategy,Majesco Entertainment,Backbone Entertainment,14-Feb-06,Everyone 10+
Nintendo DS,Battle of Giants: Dragons,Adventure,Ubisoft,Ubisoft,29-Sep-09,Everyone 10+
Nintendo DS,Brain Age,"Puzzle, Trivia",Nintendo,Nintendo,17-Apr-06,Everyone
Nintendo DS,Brain Age 2: More Training in Minutes a Day,"Educational, Puzzle",Nintendo,Nintendo,20-Aug-07,Everyone
Nintendo DS,Castlevania: Dawn of Sorrow,"Action/Adventure, Platformer",Konami Digital Entertainment,Konami,4-Oct-05,Teen
Nintendo DS,Castlevania: Portrait of Ruin,"Adventure, RPG",Konami Digital Entertainment,Konami,5-Dec-06,Teen
Nintendo DS,Chrono Trigger,RPG,Square Enix,Square Enix,2-Dec-08,
Nintendo DS,Contra 4,Action,Konami Digital Entertainment,Konami,13-Nov-07,Teen
Nintendo DS,Final Fantasy III,RPG,Square Enix,Matrix Software,14-Nov-06,Everyone 10+
Nintendo DS,Final Fantasy IV,RPG,Square Enix,Matrix Software,22-Jul-08,
Nintendo DS,Golden Sun: Dark Dawn,RPG,Nintendo,Camelot,29-Nov-10,Everyone 10+
Nintendo DS,Grand Theft Auto: Chinatown Wars,Action,Rockstar Games,Rockstar Leeds,17-Mar-09,Mature
Nintendo DS,Kirby: Mass Attack,"Action, Adventure",Nintendo,HAL Labs,19-Sep-11,Everyone
Nintendo DS,The Legend of Zelda: Phantom Hourglass,Action/Adventure,Nintendo,Nintendo,1-Oct-07,
Nintendo DS,The Legend of Zelda: Spirit Tracks,"Action/Adventure, RPG",Nintendo,Nintendo,7-Dec-09,
Nintendo DS,Mario Kart DS,Racing,Nintendo,Nintendo,14-Nov-05,Everyone
Nintendo DS,Metroid Prime: Hunters,FPS,Nintendo,Nintendo,20-Mar-06,Teen
Nintendo DS,New Super Mario Bros.,"Action, Platformer",Nintendo,Nintendo,15-May-06,Everyone
Nintendo DS,Phoenix Wright: Ace Attorney,"Action/Adventure, Adventure",Capcom,Capcom,11-Oct-05,Teen
Nintendo DS,Phoenix Wright: Ace Attorney: Justice For All,"Action/Adventure, Adventure, Puzzle",Capcom,Capcom,16-Jan-07,Teen
Nintendo DS,Phoenix Wright: Ace Attorney: Trials and Tribulations,"Action/Adventure, Adventure",Capcom,Capcom,23-Oct-07,Teen
Nintendo DS,Pokémon Black Version,RPG,Nintendo,Nintendo,6-Mar-11,
Nintendo DS,Pokémon Diamond Version,RPG,Nintendo,Game Freak,22-Apr-07,Everyone
Nintendo DS,Pokémon Platinum Version,RPG,Nintendo,Game Freak,23-Mar-09,Everyone
Nintendo DS,Pokémon SoulSilver,RPG,Nintendo,Game Freak,14-Mar-10,
Nintendo DS,Pokémon White Version,RPG,Nintendo,Nintendo,6-Mar-11,Everyone
Nintendo DS,Super Mario 64 DS,"Action, Platformer",Nintendo,Nintendo,21-Nov-04,Everyone
Nintendo DS,WarioWare D.I.Y.,Productivity,Nintendo of America,Nintendo,28-Mar-10,
Nintendo DS,WarioWare: Touched!,"Party, Puzzle",Nintendo,Nintendo,14-Feb-05,Everyone
Nintendo Switch,Captain Toad: Treasure Tracker,Platformer,Nintendo,Nintendo,13-Jul-18,
Nintendo Switch,DOOM,FPS,Bethesda Softworks,id Software,10-Nov-17,Mature
Nintendo Switch,The Elder Scrolls V: Skyrim,RPG,Bethesda Softworks,Bethesda Softworks,17-Nov-17,
Nintendo Switch,Kirby Star Allies,Platformer,Nintendo,HAL Labs,16-Mar-18,
Nintendo Switch,Mario Kart 8 Deluxe,"Action, Racing",Nintendo,Nintendo,28-Apr-17,
Nintendo Switch,project OCTOPATH TRAVELER,RPG,Nintendo,Square Enix,13-Jul-18,
Nintendo Switch,Sonic Mania Plus,Platformer,Sega Europe,Sega,17-Jul-18,Everyone
Nintendo Switch,Super Mario Odyssey,Platformer,Nintendo,Nintendo,27-Oct-17,
PC,Age of Empires 2 Gold Edition,"Real Time Strategy, Simulation",Microsoft,Ensemble Studios,30-Aug-01,Teen
PC,Age of Empires: Gold Edition,Real Time Strategy,"Microsoft, Atari",Ensemble Studios,,
PC,American McGee's Alice,"Action/Adventure, Adventure, FPS",Electronic Arts,Rogue Entertainment,6-Dec-00,Mature
PC,Battlezone II: Combat Commander,"Action, Strategy",Activision,Pandemic Studios,31-Dec-99,Everyone
PC,Call of Duty 2,FPS,Activision,Infinity Ward,25-Oct-05,Teen
PC,Call of Duty: Deluxe Edition Box Set,FPS,Activision,Infinity Ward,,
PC,Counter Strike 1 Anthology,"Action, FPS",Electronic Arts,Valve Software,13-Sep-05,Mature
PC,Dark Reign 2,"Real Time Strategy, Strategy",Activision,Pandemic Studios,30-Jun-00,Teen
PC,Diablo Battle Chest,"Adventure, Compilation, RPG",Blizzard Entertainment,Blizzard Entertainment,30-Nov-96,
PC,Diablo III,RPG,Blizzard Entertainment,Blizzard Entertainment,15-May-12,Mature
PC,Doom 3,FPS,Activision,id Software,3-Aug-04,Mature
PC,DOOM 3: BFG Edition,FPS,Activision,id Software,28-Feb-14,Mature
PC,Doom: The Ultimate Doom Trilogy,"Compilation, FPS",Activision,id Software,1-Aug,
PC,Duke Nukem: Manhattan Project,"Action, FPS, Shooter",ARUSH Entertainment,3d Realms,21-May-02,Mature
PC,The Elder Scrolls III: Morrowind - Game of the Year Edition,,,Bethesda Softworks,31-Oct-03,
PC,The Elder Scrolls IV: Oblivion - Game of the Year Edition,,,Bethesda Softworks,10-Sep-07,
PC,The Elder Scrolls: Anthology,RPG,Bethesda,Bethesda Softworks,10-Sep-13,
PC,F.E.A.R. Platinum Collection: The Complete Trilogy,,Vivendi,,,
PC,Fighters Anthology,Simulation,Electronic Arts,Jane's Combat Simulations,1999,
PC,Half Life 2 Episode Pack,,Valve,,9-Apr-08,
PC,Half-Life 2,"FPS, Shooter",Valve Software,Valve Software,16-Nov-04,Mature
PC,Heavy Gear,"Action, Simulation",Activision,,1-Jan-97,Teen
PC,Heavy Gear II,"Action, Simulation",Activision,,31-Mar-99,Teen
PC,The Journeyman Project Turbo!,Adventure,Sanctuary Woods Multimedia,"Presto Studios, Inc.",1994,
PC,MechWarrior 2,"Action, FPS, Simulation",Creative Wonders,Activision,12-Dec-95,
PC,Moto Racer,Racing,Electronic Arts,Delphine Software International,Aug-96,
PC,Myth II: Soulblighter,Strategy,Bungie Software,Bungie,1-Jan-98,Mature
PC,Myth: The Fallen Lords,Strategy,Bungie Software,Bungie Software,1997,
PC,Need for Speed 3: Hot Pursuit,Racing,Electronic Arts,EA Games,12-Oct-98,Everyone
PC,Prey,FPS,Take 2,Human Head Studios,11-Jul-06,Mature
PC,Quake II,FPS,Activision,id Software,7-Nov-97,Mature
PC,QUAKE 4 -- Special Edition,Shooter,Activision,Raven,21-Oct-05,
PC,RollerCoaster Tycoon 2,"Simulation, Strategy",Atari,Chris Sawyer,15-Oct-02,Everyone
PC,RollerCoaster Tycoon 2: Time Twister,"Simulation, Strategy",Atari,Chris Sawyer,21-Oct-03,
PC,RollerCoaster Tycoon 3,"Simulation, Strategy",Atari,Frontier Development,2-Nov-04,Everyone
PC,RollerCoaster Tycoon 3: Soaked!,"Simulation, Strategy",Atari,Frontier Development,21-Jun-05,Everyone
PC,RollerCoaster Tycoon 3: Wild!,"Simulation, Strategy",Atari,Frontier Development,25-Oct-05,Everyone
PC,Rome: Total War,Strategy,Activision,Creative Assembly,22-Sep-04,Teen
PC,Rome: Total War: Barbarian Invasion,Strategy,Sega of America,Creative Assembly,27-Sep-05,
PC,Sim Theme Park,"Simulation, Strategy",Electronic Arts,Bullfrog Productions Ltd.,1999,Everyone
PC,Sims 2: Double Deluxe,,Electronic Arts,,,
PC,The Sims 2: Open for Business,"Simulation, Strategy",Electronic Arts,Maxis,28-Feb-06,Teen
PC,The Sims 2: University,"Simulation, Simulator, Strategy",Electronic Arts,Maxis,28-Feb-05,Teen
PC,Sonic R,Racing,Expert Software,SEGA,1999,
PC,StarCraft Battle Chest,"Compilation, Real Time Strategy",Blizzard Entertainment,Blizzard Entertainment,31-Dec-00,
PC,Test Drive: Off-Road,Racing,,,,
PC,Tom Clancy's Rainbow Six,"FPS, Tactical",Ubisoft,Red Storm,31-Jul-98,Teen
PC,Total Annihilation,Strategy,Infogrames,Cavedog Entertainment,2001,
PC,"Warhammer 40,000: Dawn of War Platinum Edition",Real Time Strategy,THQ,Relic Entertainment,,
PlayStation,Ace Combat 2,Flight Simulation,Sony Computer Entertainment,Namco,15-Aug-97,
PlayStation,Air Combat,Simulation,Sony Computer Entertainment Europe,Namco,1-Jan-95,Kids to Adults
PlayStation,Armored Core,"Action, Simulation",Sony Computer Entertainment,From Software,25-Oct-97,
PlayStation,Army Men 3D,"Action, Shooter",The 3DO Company,The 3DO Company,10-Mar-99,
PlayStation,Bloody Roar,"Action, Fighting",Sony Computer Entertainment,Hudson Soft,5-Mar-98,Teen
PlayStation,Breath of Fire III,RPG,Capcom,Capcom,6-Mar-98,
PlayStation,BursTrick Wake Boarding!!,Sports,Natsume,Metro,28-Feb-01,Everyone
PlayStation,Bust A Groove 2,Music,Enix America Corp.,Metro Graphics,16-Aug-00,
PlayStation,Castlevania: Symphony of the Night,"Action, Adventure, RPG",Konami,Konami,30-Oct-97,
PlayStation,Championship Surfer,"Action, Sports",Mattel Media,Krome Studios,2-Dec-00,
PlayStation,Chrono Cross,"Adventure, RPG",Electronic Arts,Square Co. Ltd.,15-Aug-00,
PlayStation,Colin McRae Rally,Racing,Sony Computer Entertainment,Codemasters,1998,
PlayStation,Colin McRae Rally 2.0,"Racing, Sports",Codemasters,Codemasters,13-Dec-00,
PlayStation,Command & Conquer,Strategy,Westwood Studios,Westwood Studios,15-Jan-97,
PlayStation,Covert Ops: Nuclear Dawn,Adventure,Activision,Sugar & Rockets,27-Jun-00,
PlayStation,Croc: Legend of the Gobbos,"Action, Platformer",Ubi Soft,Argonaut Software Ltd.,17-Nov-97,
PlayStation,Dance Dance Revolution,"Music, Simulation",Konami,Konami Computer Entertainment Tokyo (KCET),16-Jan-01,Everyone
PlayStation,Dance Dance Revolution: Disney Mix,Music,Konami,,,
PlayStation,Defcon 5,Action,Data East Corporation,Millennium Interactive Ltd.,17-Nov-95,
PlayStation,Devil Dice,Puzzle,THQ,Shift,24-Sep-98,Everyone
PlayStation,Doom,FPS,Midway,Midway Home Entertainment,26-May-97,Mature
PlayStation,Dragon Ball GT Final Bout,Fighting,Bandai,TOSE,1-Sep-97,Teen
PlayStation,Dragon Ball Z: Ultimate Battle 22,Fighting,"Infogrames, Inc.","Bandai Co., Ltd.",26-Mar-95,Teen
PlayStation,Einhander,Shooter,SquareSoft,Square Co. Ltd.,6-May-98,Everyone
PlayStation,FIFA 2001 Major League Soccer,Sports,Electronic Arts,EA Canada,31-Oct-00,
PlayStation,Final Fantasy Anthology,RPG,SquareSoft,Square Co. Ltd.,7-Oct-99,
PlayStation,Final Fantasy VIII,RPG,SquareSoft,Square Co. Ltd.,11-Feb-99,
PlayStation,Final Fantasy Chronicles: Final Fantasy IV / Chrono Trigger,RPG,Square Electronic Arts L.L.C,Square Co. Ltd.,2001,
PlayStation,Final Fantasy IX,RPG,SquareSoft,Square Co. Ltd.,15-Nov-00,
PlayStation,Final Fantasy Origins,RPG,SquareSoft,Square Co. Ltd.,11-Apr-03,
PlayStation,Final Fantasy Tactics,"RPG, Strategy",SquareSoft,SquareSoft,28-Jan-97,Teen
PlayStation,Final Fantasy VII,RPG,SquareSoft,Square Co. Ltd.,31-Aug-97,
PlayStation,Frogger,"Action, Platformer",Atari,,1-Oct-97,
PlayStation,Front Mission 3,"RPG, Strategy",Electronic Arts,Square Co. Ltd.,21-Mar-00,
PlayStation,Gex 3: Deep Cover Gecko,Action,Eidos Interactive,Crystal Dynamics,23-Mar-99,Teen
PlayStation,Gran Turismo,Racing,"Sony Computer Entertainment America, Inc.","Polyphony Digital, Inc.",23-Dec-97,Everyone
PlayStation,Gran Turismo 2,Racing,Sony Computer Entertainment,Polyphony Digital,17-Dec-99,
PlayStation,Grand Theft Auto,Sandbox,Rockstar,Visual Sciences Ltd.,14-Dec-97,Mature
PlayStation,Die Hard Trilogy,Action,Fox Interactive,Probe Entertainment,20-Aug-96,Mature
PlayStation,Jumping Flash,Platformer,Sony,Exact/Ultra,27-Oct-95,Kids to Adults
PlayStation,Jumping Flash 2,"Action, Platformer",Sony Computer Entertainment,Exact/Ultra,20-Aug-96,
PlayStation,Medal of Honor,"Action, Shooter",Electronic Arts,DreamWorks Interactive,9-Nov-99,
PlayStation,Medal of Honor Underground,"Fighting, Shooter",Electronic Arts,DreamWorks Interactive,27-Oct-00,
PlayStation,Mega Man Legends 2,"Action, Shooter",Capcom,"Capcom Co., Ltd.",26-Oct-00,
PlayStation,Metal Gear Solid,Action/Adventure,Konami,Konami,21-Oct-98,
PlayStation,Monster Rancher 2,"RPG, Simulation, Strategy",Tecmo,Tecmo Ltd.,31-Aug-99,
PlayStation,Mortal Kombat 3,Fighting,Sony Computer Entertainment,"Williams Entertainment, Inc.",7-Oct-95,
PlayStation,NBA In The Zone 2000,Sports,Konami,Konami,1-Feb-00,
PlayStation,Need for Speed: High Stakes,Racing,Electronic Arts,Electronic Arts,1-Mar-99,Everyone
PlayStation,Parappa The Rapper,Music,Sony Computer Entertainment,NanaOn-Sha,19-Nov-97,Kids to Adults
PlayStation,Parasite Eve,"Adventure, RPG",SquareSoft,SquareSoft,16-Nov-99,Mature
PlayStation,Parasite Eve II,"Action, Adventure, RPG",SquareSoft,SquareSoft,2-Sep-00,
PlayStation,Resident Evil 2,Survival Horror,Capcom,Capcom,20-Jan-98,Mature
PlayStation,Resident Evil 3: Nemesis,Survival Horror,Capcom,Capcom,10-Nov-99,Mature
PlayStation,Resident Evil: Director's Cut,"Action/Adventure, Survival Horror",Capcom,Capcom,1-Sep-97,
PlayStation,Return Fire,Action,Warner Interactive,Silent,1-Jan-96,
PlayStation,Ridge Racer,Racing,Namco,Namco,14-Aug-97,Kids to Adults
PlayStation,Rival Schools: United by Fate,Fighting,Capcom,Capcom,28-Oct-98,
PlayStation,Road & Track Presents: The Need for Speed,Racing,Electronic Arts,Pioneer Productions,1996,
PlayStation,Silent Hill,Survival Horror,Konami,Konami,24-Feb-99,Mature
PlayStation,SnoCross Championship Racing,Racing,Crave,Unique Development Studios (UDS),9-Aug-00,
PlayStation,Spec Ops: Covert Assault,Shooter,Take 2 Interactive,Zombie Software,5-Oct-01,
PlayStation,Star Ocean: The Second Story,"Action, RPG",Enix,Tri-Ace,7-Jun-99,
PlayStation,Tekken,Fighting,Namco,Namco,3-Dec-94,
PlayStation,Tekken 2,Fighting,Namco,Namco,29-Mar-96,Teen
PlayStation,Tekken 3,Fighting,Sony Computer Entertainment,Namco,29-Apr-98,Teen
PlayStation,Tenchu 2: Birth of the Stealth Assassins,Action,Activision,Acquire Corp.,16-Aug-00,
PlayStation,Tenchu: Stealth Assassins,Adventure,Activision,Acquire Corp.,17-Sep-98,
PlayStation,Tennis,Sports,A1 Games,,28-Aug-01,
PlayStation,Tetris Plus,Puzzle,Jaleco,Jaleco,18-Oct-96,
PlayStation,Time Crisis,Shooter,Namco,Namco,11-Nov-97,
PlayStation,Tomb Raider II,"Action, Action/Adventure, Adventure",Eidos Interactive,Core Design Ltd.,31-Oct-97,
PlayStation,Vagrant Story,RPG,Electronic Arts,SquareSoft,22-May-00,Teen
PlayStation,Warhammer: Dark Omen,Strategy,Electronic Arts,Electronic Arts,1-Feb-98,
PlayStation,Worms World Party,"Shooter, Strategy",Ubi Soft,Team 17,29-Mar-02,
PlayStation,WWF Smackdown 2!: Know Your Role,"Sports, Wrestling",THQ,Yuke's Co. Ltd.,21-Nov-00,
PlayStation 2,.hack//INFECTION (Part 1),"Action, RPG",Bandai Interactive,CyberConnect2,11-Feb-03,Teen
PlayStation 2,Ace Combat 4: Shattered Skies,"Flight Simulation, Simulation",Namco,Namco,24-Oct-01,Everyone
PlayStation 2,Ace Combat 5: The Unsung War,"Flight Simulation, Simulation",Namco Bandai,Project Aces,25-Oct-04,
PlayStation 2,Armored Core 2,"Action, Simulation",Agetec,From Software,26-Oct-00,
PlayStation 2,Armored Core 2: Another Age,Action,Agetec,From Software,31-Aug-01,Teen
PlayStation 2,Armored Core 3,"Action, Simulation",Agetec,From Software,9-Sep-02,Teen
PlayStation 2,Baldur's Gate: Dark Alliance,"Adventure, RPG",Interplay,Snowblind Studios,3-Dec-01,Teen
PlayStation 2,BLACK,FPS,Electronic Arts,Criterion Studios,28-Feb-06,Mature
PlayStation 2,Bully,Action,Rockstar Games,Rockstar Vancouver,17-Oct-06,Teen
PlayStation 2,Call of Duty 3,FPS,Activision,Treyarch,7-Nov-06,
PlayStation 2,Call of Duty: Finest Hour,FPS,Activision,Spark,16-Nov-04,Teen
PlayStation 2,Castlevania: Lament of Innocence,Action/Adventure,Konami Digital Entertainment,Konami,21-Oct-03,Teen
PlayStation 2,EA Sports Rugby,Sports,,,1-Jul-01,
PlayStation 2,Enthusia Professional Racing,Driving,Konami Digital Entertainment,Konami,3-May-05,Everyone
PlayStation 2,Fatal Frame,"Action, Adventure",Tecmo,Tecmo,5-Mar-02,Teen
PlayStation 2,Fatal Frame II,"Adventure, Survival Horror",Tecmo,Tecmo,8-Dec-03,
PlayStation 2,Fatal Frame III: The Tormented,"Adventure, Survival Horror",Tecmo,Tecmo,8-Nov-05,Mature
PlayStation 2,Final Fantasy X,RPG,Square Enix,Square Enix,20-Dec-01,Teen
PlayStation 2,Final Fantasy X-2,RPG,Square Enix,Square Enix,18-Nov-03,Teen
PlayStation 2,Final Fantasy XII,RPG,Square Enix,Square Enix,31-Oct-06,Teen
PlayStation 2,God of War,"Action/Adventure, Hack & Slash",SCEA,SCEI,22-Mar-05,Mature
PlayStation 2,God of War II,Hack & Slash,SCEA,SCEI,13-Mar-07,Mature
PlayStation 2,The Godfather,"Action, Adventure, Fighting",Electronic Arts,EA Games,21-Mar-06,Mature
PlayStation 2,Gran Turismo 3: A-spec,Racing,SCEA,Polyphony D.,5-Jul-01,Everyone
PlayStation 2,Gran Turismo 4,Racing,SCEA,Polyphony D.,22-Feb-05,Everyone
PlayStation 2,Gungrave,"Action, Shooter",Sega of America,Red Entertainment,7-Sep-02,Mature
PlayStation 2,Half-Life,FPS,Vivendi Games,Gearbox Software,14-Nov-01,Mature
PlayStation 2,Jurassic Park: Operation Genesis,Strategy,Konami Digital Entertainment,Blue Tongue Software,25-Mar-03,Teen
PlayStation 2,Katamari Damacy,"Action/Adventure, Puzzle",Namco Bandai,Bandai Namco,21-Sep-04,
PlayStation 2,Kingdom Hearts,RPG,Square Enix,Square Enix,17-Sep-02,Everyone
PlayStation 2,Kingdom Hearts II,RPG,Square Enix,Square Enix,28-Mar-06,Everyone 10+
PlayStation 2,Manhunt,Survival Horror,Rockstar Games,Rockstar North,18-Nov-03,Mature
PlayStation 2,Manhunt 2,"Action, Survival Horror",Rockstar Games,Rockstar London,29-Oct-07,Adults Only
PlayStation 2,Marvel vs. Capcom 2,Fighting,Capcom,Capcom,19-Nov-02,Teen
PlayStation 2,Medal of Honor: European Assault,FPS,Electronic Arts,EA Games,7-Jun-05,Teen
PlayStation 2,Medal of Honor: Frontline,"FPS, Shooter",Electronic Arts,EA Games,29-May-02,Teen
PlayStation 2,Medal of Honor: Rising Sun,"FPS, Shooter",Electronic Arts,EA Games,11-Nov-03,Teen
PlayStation 2,Metal Gear Solid 2: Sons of Liberty,"Action, Action/Adventure, Strategy",Konami Digital Entertainment,Konami,14-Nov-01,Mature
PlayStation 2,Metal Gear Solid 3: Snake Eater,"Action/Adventure, Strategy",Konami Digital Entertainment,Konami,17-Nov-04,Mature
PlayStation 2,Metal Slug 4 & 5,"Fighting, Shooter",SNK Playmore USA,BrezzaSoft,24-May-05,
PlayStation 2,Midnight Club: Street Racing,Racing,Rockstar Games,Angel Studios,17-Oct-00,
PlayStation 2,Myst III: Exile,Adventure,Ubisoft,Presto Studios,17-Sep-02,Everyone
PlayStation 2,NBA Live 2001,Sports,Electronic Arts,Electronic Arts,24-Jan-01,
PlayStation 2,Need for Speed Most Wanted,Racing,Electronic Arts,EA Games,16-Nov-05,Everyone
PlayStation 2,Need for Speed Underground 2,Racing,Electronic Arts,EA Games,15-Nov-04,
PlayStation 2,Need for Speed: ProStreet,Racing,Electronic Arts,EA Games,13-Nov-07,
PlayStation 2,Need for Speed: Underground,Racing,Electronic Arts,EA Black Box,17-Nov-03,Everyone
PlayStation 2,NHL 2001,Sports,Electronic Arts,Electronic Arts,26-Oct-00,
PlayStation 2,Okami,"Action/Adventure, RPG",Capcom,Clover Studio,19-Sep-06,Teen
PlayStation 2,Onimusha: Warlords,"Action/Adventure, Adventure, Fighting",Capcom,Capcom,13-Mar-01,Mature
PlayStation 2,Onimusha 2: Samurai's Destiny,Action/Adventure,Capcom,Capcom,27-Aug-02,Mature
PlayStation 2,Onimusha 3: Demon Siege,Action/Adventure,Capcom,Capcom,27-Apr-04,Mature
PlayStation 2,Prince of Persia: The Sands of Time,"Fighting, Platformer",Ubisoft,Ubisoft,6-Nov-03,Teen
PlayStation 2,R: Racing Evolution,Racing,Namco Bandai,Bandai Namco,9-Dec-03,
PlayStation 2,Red Faction,FPS,THQ,Volition Inc.,22-May-01,Mature
PlayStation 2,Red Faction II,FPS,THQ,Volition Inc.,16-Oct-02,Mature
PlayStation 2,Resident Evil 4,Survival Horror,Capcom,Capcom,25-Oct-05,Mature
PlayStation 2,Resident Evil Outbreak,Survival Horror,Capcom,Capcom,1-Apr-04,Mature
PlayStation 2,Resident Evil: CODE: Veronica X,"Action/Adventure, Survival Horror",Capcom,Capcom,19-Jun-01,Mature
PlayStation 2,Return to Castle Wolfenstein: Operation Resurrection,"FPS, Shooter",Activision,Raster Productions,27-May-03,Mature
PlayStation 2,Ring of Red,Strategy,Konami,Konami,14-Mar-01,
PlayStation 2,Silent Hill 2,Survival Horror,Konami Digital Entertainment,Konami,28-Sep-01,Mature
PlayStation 2,Silent Hill 3,"Action/Adventure, Survival Horror",Konami Digital Entertainment,Konami,6-Aug-03,Mature
PlayStation 2,Silent Hill 4: The Room,"Action, Survival Horror",Konami Digital Entertainment,Konami,7-Sep-04,Mature
PlayStation 2,Silent Hill: Shattered Memories,Action/Adventure,Konami Digital Entertainment,Konami,19-Jan-10,Mature
PlayStation 2,Silent Line: Armored Core,Action,Agetec,From Software,16-Jul-03,Teen
PlayStation 2,Siren,"Action/Adventure, Adventure",Sony,SCEJ,21-Apr-04,
PlayStation 2,SoulCalibur III,Fighting,Namco Bandai,Bandai Namco,25-Oct-05,Teen
PlayStation 2,Star Ocean: Till the End of Time,RPG,Square Enix,Tri-Ace,31-Aug-04,Teen
PlayStation 2,Star Wars: Battlefront,"FPS, Shooter",LucasArts,LucasArts,20-Sep-04,Teen
PlayStation 2,Star Wars: Battlefront II,"FPS, Shooter",LucasArts,Pandemic Studios,1-Nov-05,Teen
PlayStation 2,Tekken Tag Tournament,Fighting,Namco,Namco,17-Oct-00,
PlayStation 2,Tenchu: Wrath of Heaven,"Fighting, Simulation",Activision,K2,4-Mar-03,Mature
PlayStation 2,Tetris Worlds,Puzzle,THQ,Blue Planet Software,19-Mar-02,Everyone
PlayStation 2,Tokyo Xtreme Racer 3,Racing,Crave Entertainment,Genki,20-Nov-03,
PlayStation 2,Tokyo Xtreme Racer Drift,Racing,Crave Entertainment,Genki,23-May-06,Everyone
PlayStation 2,Tokyo Xtreme Racer DRIFT 2,Racing,Crave Entertainment,Genki,16-Apr-07,
PlayStation 2,Tokyo Xtreme Racer: Zero,Racing,Crave,Genki Co. Ltd.,30-May-01,
PlayStation 2,Tribes: Aerial Assault,"Action, Shooter",Vivendi Games,Inevitable Entertain.,24-Sep-02,Teen
PlayStation 2,True Crime: Streets of L.A.,"Action, Racing, Shooter",Activision,Luxoflux,4-Nov-03,Mature
PlayStation 2,We Love Katamari,Puzzle,Namco Bandai,Bandai Namco,20-Sep-05,Everyone
PlayStation 2,Winback 2: Project Poseidon,"Action, Tactical",KOEI,Cavia Inc.,25-Apr-06,Teen
PlayStation 2,WinBack: Covert Operations,"Action, Shooter",Midas Interactive,KOEI,28-Mar-01,
PlayStation 2,Yakuza,"Action/Adventure, Fighting",Sega of America,SEGA,5-Sep-06,Mature
PlayStation 2,Yakuza 2,Action/Adventure,Sega of America,SEGA,9-Sep-08,Mature
PlayStation 2,Zone of the Enders,"Action, Action/Adventure, Shooter",Konami,Konami,27-Feb-01,
PlayStation 2,Zone of the Enders: The 2nd Runner,"Action/Adventure, Hack & Slash, Shooter",Konami Digital Entertainment,Konami,11-Mar-03,Mature
PlayStation 3,Armored Core 4,Action,Sega of America,From Software,20-Mar-07,Teen
PlayStation 3,Assassin's Creed IV: Black Flag,Action,Ubisoft,Ubisoft,29-Oct-13,
PlayStation 3,Birds of Steel,"Flight Simulation, Simulator",Konami Digital Entertainment,Gaijin Entertainment,13-Mar-12,
PlayStation 3,Brothers in Arms: Hell's Highway,"FPS, Strategy",Ubisoft,Gearbox Software,23-Sep-08,Mature
PlayStation 3,Call of Duty World at War,FPS,Activision,Treyarch,11-Nov-08,Mature
PlayStation 3,Call of Duty: Black Ops,FPS,Activision,Treyarch,9-Nov-10,Mature
PlayStation 3,Dante's Inferno,Action,Electronic Arts,Visceral Games,9-Feb-10,Mature
PlayStation 3,Dead Space,"Action, Survival Horror",Electronic Arts,Visceral Games,14-Oct-08,Mature
PlayStation 3,Dead Space 2,Survival Horror,Electronic Arts,Visceral Games,25-Jan-11,Mature
PlayStation 3,Demon's Souls,"Action/Adventure, RPG",Atlus USA,From Software,6-Oct-09,Mature
PlayStation 3,Dishonored,"Action/Adventure, FPS",Bethesda Softworks,Arkane Studios,12-Oct-12,Mature
PlayStation 3,Disney Infinity,Action/Adventure,Disney Interactive Studios,,23-Aug-13,
PlayStation 3,The Elder Scrolls V: Skyrim,RPG,Bethesda Softworks,Bethesda Softworks,11-Nov-11,
PlayStation 3,Final Fantasy XIII,RPG,Square Enix,Square Enix,9-Mar-10,
PlayStation 3,Genki Wangan Midnight,,,,,
PlayStation 3,Ghostbusters: The Video Game,"Action/Adventure, Shooter",Atari,Terminal Reality,16-Jun-09,Teen
PlayStation 3,The Godfather: The Don's Edition,Sandbox,Electronic Arts,EA Games,20-Mar-07,Mature
PlayStation 3,Gran Turismo 5,Racing,SCEA,Polyphony D.,24-Nov-10,Everyone
PlayStation 3,Gran Turismo 6,Racing,SCEA,Polyphony D.,6-Dec-13,
PlayStation 3,Grand Theft Auto V,Action,Rockstar Games,Rockstar Games,17-Sep-13,Mature
PlayStation 3,The ICO & Shadow of the Colossus Collection,"Adventure, Compilation",SCEA,SCEI,27-Sep-11,
PlayStation 3,Initial D Extreme Stage,,,,,
PlayStation 3,Katamari Forever,Puzzle,Namco Bandai,Bandai Namco,22-Sep-09,Everyone
PlayStation 3,L.A. Noire,Action/Adventure,Rockstar Games,Team Bondi,17-May-11,Mature
PlayStation 3,The Last of Us,Action/Adventure,SCEA,Naughty Dog,14-Jun-13,Mature
PlayStation 3,LittleBigPlanet 2,"Entertainment, Platformer",SCEA,Media Molecule,18-Jan-11,
PlayStation 3,Madden NFL 25,Sports,Electronic Arts,EA Sports,30-Aug-13,
PlayStation 3,Mafia II,"Action, Sandbox",2K Games,2K Czech (Illusion Softworks),24-Aug-10,Mature
PlayStation 3,Metal Gear Solid: The Legacy Collection: 1987-2012,Compilation,Konami Digital Entertainment GmbH,Kojima Productions,13-Sep-13,
PlayStation 3,Midnight Club: Los Angeles,Racing,Rockstar Games,Rockstar San Diego,20-Oct-08,
PlayStation 3,Mirror's Edge,"Action/Adventure, FPS",Electronic Arts,EA DICE,11-Nov-08,
PlayStation 3,Need for Speed Carbon,Racing,Electronic Arts,EA Black Box,17-Nov-06,Everyone 10+
PlayStation 3,Need for Speed Most Wanted (2012),Racing,Electronic Arts,Criterion Studios,2-Nov-12,
PlayStation 3,Need for Speed: ProStreet,Racing,Electronic Arts,EA Games,13-Nov-07,Everyone 10+
PlayStation 3,Need for Speed: Rivals,Racing,Electronic Arts,Ghost Games,22-Nov-13,
PlayStation 3,Rage,"Action, FPS",Bethesda Softworks,id Software,4-Oct-11,Mature
PlayStation 3,Red Dead Redemption,"Action/Adventure, Sandbox, Shooter",Rockstar Games,Rockstar San Diego,18-May-10,Mature
PlayStation 3,Resident Evil 5,"Action/Adventure, Survival Horror",Capcom,Capcom,13-Mar-09,Mature
PlayStation 3,Shift 2: Unleashed,Racing,Electronic Arts,Slightly Mad Studios,29-Mar-11,
PlayStation 3,Sleeping Dogs,Action,Square Enix,Square Enix,14-Aug-12,
PlayStation 3,Tom Clancy's HAWX,"Action, Simulator",Ubisoft,Ubisoft,3-Mar-09,Teen
PlayStation 3,Tom Clancy's Splinter Cell Trilogy,Compilation,Ubisoft,Ubisoft,27-Sep-11,Teen
PlayStation 3,Uncharted 2: Among Thieves,Action/Adventure,SCEA,Naughty Dog,13-Oct-09,Teen
PlayStation 3,Uncharted 3: Drake's Deception,Action/Adventure,SCEA,Naughty Dog,1-Nov-11,Teen
PlayStation 3,Uncharted: Drake's Fortune,"Action/Adventure, Shooter",SCEE,Naughty Dog,20-Nov-07,Teen
PlayStation 3,Wolfenstein,FPS,Activision,Raven Software,18-Aug-09,Mature
PlayStation 3,Yakuza 3,RPG,Sega of America,SEGA,9-Mar-10,Mature
PlayStation 3,Yakuza 4,RPG,Sega of America,SEGA,15-Mar-11,Mature
PlayStation 4,Alien: Isolation,FPS,Sega Europe,Creative Assembly,7-Oct-14,
PlayStation 4,Battlefield 1,FPS,Electronic Arts,EA DICE,21-Oct-16,
PlayStation 4,Bloodborne,RPG,SCEE,From Software,25-Mar-15,
PlayStation 4,Call of Duty: WWII,FPS,Activision,Sledgehammer Games,3-Nov-17,
PlayStation 4,Crash Bandicoot N.Sane Trilogy,Platformer,Activision,Vicarious Visions,30-Jun-17,
PlayStation 4,Dark Souls III,RPG,Bandai Namco,From Software,12-Apr-16,
PlayStation 4,Detroit: Become Human,Action/Adventure,SIEE,Quantic Dream,25-May-18,
PlayStation 4,Dying Light,"FPS, Survival Horror",Warner Bros Interactive,Techland,27-Feb-15,
PlayStation 4,Far Cry Primal,FPS,Ubisoft,Ubisoft,23-Feb-16,
PlayStation 4,Farpoint,,SIEE,Impulse Gear,17-May-17,
PlayStation 4,Final Fantasy XV,"MMORPG, RPG",Square Enix,Square Enix,29-Nov-16,
PlayStation 4,Gran Turismo Sport,Racing,SCEE,Polyphony D.,18-Oct-17,
PlayStation 4,Horizon: Zero Dawn,RPG,SIEE,Guerrilla,3-Mar-17,
PlayStation 4,Kingdom Come: Deliverance,RPG,Deep Silver,Warhorse,13-Feb-18,
PlayStation 4,LittleBigPlanet 3,Entertainment,SCEE,Sumo Digital,28-Nov-14,
PlayStation 4,Metal Gear Solid V: The Phantom Pain,Action,Konami Digital Entertainment GmbH,Kojima Productions,1-Sep-15,
PlayStation 4,Monster Hunter World,RPG,Capcom,Capcom,26-Jan-18,
PlayStation 4,Need for Speed,Racing,Electronic Arts,EA Games,5-Nov-15,
PlayStation 4,Nioh,Action,TECMO KOEI Europe,Team Ninja,8-Feb-17,
PlayStation 4,PlayStation VR Worlds,Action,SCEE,SCEE,13-Oct-16,
PlayStation 4,Project CARS,Racing,Bandai Namco,Slightly Mad Studios,8-May-15,
PlayStation 4,Project Cars 2,Racing,Bandai Namco,Slightly Mad Studios,22-Sep-17,
PlayStation 4,Resident Evil 7 Biohazard,"Action, Survival Horror",Capcom,Capcom,24-Jan-17,
PlayStation 4,Shenmue I & II,Action/Adventure,Sega Europe,d3t,21-Aug-18,Teen
PlayStation 4,Spider-Man,Action/Adventure,SIEE,Insomniac Games,7-Sep-18,Teen
PlayStation 4,Uncharted 4: A Thief's End,Action/Adventure,SCEE,Naughty Dog,10-May-16,
PlayStation 4,Yakuza 0,Action,Sega Europe,SEGA,24-Jan-17,
PlayStation 4,Yakuza 6: The Song of Life,Action/Adventure,Sega Europe,SEGA,17-Apr-18,Mature
SNES,ActRaiser,"Action, Strategy",Enix,Enix,16-Dec-90,
SNES,Actraiser 2,Action,Enix America Corp.,Enix,30-Nov-93,
SNES,Animaniacs,"Action, Platformer",Majesco Entertainment,Konami,6-Mar-97,
SNES,BattleClash,"Action, Shooter",Nintendo,Intelligent Systems,18-Mar-92,
SNES,Brain Lord,RPG,Enix America Inc.,Enix Corporation,27-Jan-94,
SNES,Breath of Fire,RPG,SquareSoft,Capcom,1994,
SNES,Breath of Fire II,RPG,Capcom,Capcom,1995,
SNES,Choplifter III,,Ocean,Beam Software,8-Aug-94,
SNES,Chrono Trigger,"Action/Adventure, RPG",SquareSoft,Dream Project,27-Oct-95,Kids to Adults
SNES,Contra III: The Alien Wars,"Platformer, Shooter",Konami Corporation,Konami Corporation,6-Apr-92,
SNES,Demon's Crest,Action,"Capcom USA, Inc.","Capcom Co., Ltd.",20-Oct-94,
SNES,Disney's Aladdin,Platformer,Majesco Entertainment,Capcom,27-Nov-93,
SNES,Donkey Kong Country,Platformer,Nintendo,Rare,21-Nov-94,Everyone
SNES,Donkey Kong Country 2: Diddy's Kong Quest,Platformer,Nintendo,Rareware,20-Nov-95,Kids to Adults
SNES,Donkey Kong Country 3: Dixie Kong's Double Trouble,Platformer,Nintendo,Rare,23-Nov-96,Kids to Adults
SNES,Doom,FPS,Midway,"Sculptured Software, Inc.",26-Oct-95,
SNES,EarthBound,"Adventure, RPG",Nintendo,Ape,1995,Kids to Adults
SNES,Earthbound (Uncut) ,,,,,
SNES,F-Zero,Racing,Nintendo,Nintendo,1-Jan-91,
SNES,Fatal Fury,Fighting,Takara,Takara,Jan-91,
SNES,Fatal Fury 2,Fighting,Takara,SNK Corporation,3-Sep-93,
SNES,Final Fantasy II,RPG,SquareSoft,Square Co. Ltd.,Oct-91,
SNES,Final Fantasy III,RPG,SquareSoft,Square Enix,20-Oct-94,Everyone
SNES,Final Fantasy: Mystic Quest,"Action/Adventure, RPG",SquareSoft,Square Co. Ltd.,10-Sep-92,Everyone
SNES,Flashback: The Quest for Identity,Adventure,U.S. Gold Ltd.,Delphine Software International,Nov-93,
SNES,Harvest Moon,Simulation,Nintendo,Amccus,1998,
SNES,Illusion of Gaia,RPG,Nintendo,Enix Corporation,Sep-94,
SNES,Indiana Jones' Greatest Adventures,"Action, Adventure, Platformer",JVC,Factor 5,1994,
SNES,Judge Dredd,Action,Acclaim,Probe Software,1995,
SNES,Killer Instinct,Fighting,Nintendo,Rare Ltd.,21-Sep-95,Teen
SNES,Kirby Super Star,Platformer,"Nintendo of America, Inc.",Nintendo Co. Ltd.,6-Jun-96,
SNES,Kirby's Dream Course,Puzzle,Nintendo,"HAL Laboratory, inc.",21-Sep-94,Kids to Adults
SNES,The Lawnmower Man,Action,THQ,Simon Pick,Jan-94,
SNES,The Legend of Zelda: A Link to the Past,Action/Adventure,Nintendo,Nintendo,13-Apr-92,
SNES,The Lost Vikings,"Action, Strategy",Interplay,Silicon & Synapse,28-Oct-93,
SNES,Lufia & The Fortress of Doom,"Adventure, RPG",Taito,Neverland,1993,
SNES,Lufia II: Rise of the Sinistrals,RPG,Natsume,Taito,Aug-96,
SNES,Mario Paint,Party,Nintendo,Intelligent Systems,10-Dec-92,Everyone
SNES,MechWarrior 3050,"Shooter, Simulation",Activision,Activision,Oct-95,Kids to Adults
SNES,Mega Man 7,Action,Capcom,Capcom,1995,
SNES,Mega Man X,Platformer,Capcom,Capcom,17-Dec-93,Everyone
SNES,Mega Man X2,Platformer,Capcom,Capcom,3-Mar-95,Kids to Adults
SNES,Metal Marines,,Mindscape,Namco,1994,
SNES,Mighty Morphin Power Rangers,"Action, Fighting",Bandai,Bandai America Inc.,1994,
SNES,Mortal Kombat,Fighting,Acclaim,"Sculptured Software, Inc.",13-Sep-93,Mature
SNES,Mortal Kombat II,Fighting,Acclaim,"Sculptured Software, Inc.",1994,MA-17
SNES,NBA Jam,Sports,Acclaim,Iguana Entertainment,1994,
SNES,Pilotwings,Flight Simulation,Nintendo,Nintendo,21-Dec-90,
SNES,Pitfall: The Mayan Adventure,"Action, Adventure",Activision,Activision,Nov-94,
SNES,Populous,Strategy,Acclaim,Bullfrog,16-Dec-90,
SNES,Primal Rage,Action,Time Warner Interactive,"Bitmasters, Inc",1-Nov-95,
SNES,Prince of Persia,Action/Adventure,Masaya,NCS,3-Jul-92,
SNES,Prince of Persia 2,Adventure,Titus Software,Titus Software Corp.,1997,
SNES,Secret of Evermore,RPG,SquareSoft,Square Co. Ltd.,1995,Kids to Adults
SNES,Secret of Mana,RPG,SquareSoft,Square Co. Ltd.,6-Aug-93,
SNES,Shadowrun,"Adventure, RPG",Data East,Laser Beam,Nov-93,
SNES,Sid Meier's Civilization,Simulation,KOEI,KOEI,14-Dec-94,
SNES,SimCity,Simulation,"Nintendo of America, Inc.",Nintendo Co. Ltd.,1-Aug-91,Kids to Adults
SNES,Spider-Man & Venom: Maximum Carnage,Action,Acclaim,Software Creations,24-Nov-94,
SNES,Star Fox,Shooter,Nintendo,Argonaut Software Ltd.,21-Feb-93,
SNES,Street Fighter II Turbo,Fighting,Capcom,Capcom,11-Jul-93,Everyone
SNES,Stunt Race FX,"Driving, Racing",Nintendo of America,Nintendo,1994,
SNES,Super Castlevania IV,"Action/Adventure, Platformer",Majesco Entertainment,Konami,31-Oct-91,
SNES,Super Game Boy,Other,Nintendo,Nintendo,1998,
SNES,Super Ghouls 'N Ghosts,Platformer,Capcom,"Capcom Co., Ltd.",10-Dec-92,
SNES,Super Mario All-Stars,Platformer,Nintendo,Nintendo,1-Aug-93,Teen
SNES,Super Mario Kart,Racing,Nintendo,Nintendo,27-Aug-92,
SNES,Super Mario RPG: Legend of the Seven Stars,RPG,Nintendo,SquareSoft,13-May-96,Kids to Adults
SNES,Super Mario World,Platformer,Nintendo,Nintendo,1-Aug-91,
SNES,Super Mario World 2: Yoshi's Island,Platformer,Nintendo,Nintendo,6-Oct-95,Kids to Adults
SNES,Super Metroid,"Platformer, Shooter",Nintendo of America,Intelligent Systems,19-Mar-94,Kids to Adults
SNES,Super NES Nintendo Scope 6,"Action, Shooter",Nintendo,Intelligent Systems,27-Aug-94,
SNES,Super Punch-Out!!,"Action, Sports","Nintendo of America, Inc.",Nintendo Co. Ltd.,1994,
SNES,Super Star Wars,Platformer,"JVC Musical Industries, Inc.","Sculptured Software, Inc",1-Oct-92,
SNES,Super Star Wars: Return of the Jedi,Platformer,"JVC Musical Industries, Inc.",Sculptured Software,Jun-94,
SNES,Super Star Wars: The Empire Strikes Back,Platformer,JVC,"Sculptured Software, Inc.",24-Feb-94,
SNES,T2: The Arcade Game,"Action, Shooter",Majesco Entertainment,Probe Software,1-Sep-93,
SNES,Teenage Mutant Ninja Turtles IV: Turtles in Time,Fighting,Konami,Konami,24-Jul-92,
SNES,Tiny Toon Adventures: Buster Busts Loose,Platformer,"Konami of America, Inc.","Konami Co., Ltd.",18-Dec-93,
SNES,Urban Strike,"Action, Flight Simulation, Shooter",,,,
SNES,X-Men: Mutant Apocalypse,Action,Capcom,Capcom,1995,
SNES,Zombies Ate My Neighbors,Action,Konami Corporation,LucasArts,19-Jul-93,
Wii,Harvest Moon: Animal Parade,Simulator,Natsume Inc.,Natsume Inc.,10-Nov-09,
Wii,Kirby's Dream Collection: Special Edition,Platformer,Nintendo,HAL Labs,16-Sep-12,
Wii,The Legend Of Zelda: Skyward Sword,Action/Adventure,Nintendo,Nintendo,21-Nov-11,Everyone 10+
Wii,Metal Slug Anthology,"Fighting, Platformer, Shooter",SNK Playmore USA,SNK Playmore,14-Dec-06,Teen
Wii,Metroid Prime Trilogy,"Action, Compilation, FPS",Nintendo,Retro Studios,24-Aug-09,Teen
Wii,Muramasa: The Demon Blade,"Action/Adventure, Fighting",Ignition Entertainment,Vanillaware,8-Sep-09,
Wii,New Super Mario Bros. Wii,"Action, Platformer",Nintendo,Nintendo,15-Nov-09,Everyone
Wii,Punch-Out!!,Fighting,Nintendo,Nintendo,19-May-09,Everyone 10+
Wii,Red Steel,"Fighting, FPS",Ubisoft,Ubisoft,20-Nov-06,Teen
Wii,Red Steel 2,"Fighting, FPS",Ubisoft,Ubisoft,23-Mar-10,Teen
Wii,Super Mario Galaxy,Platformer,Nintendo,Nintendo,12-Nov-07,Everyone
Wii,Super Mario Galaxy 2,"Action, Platformer",Nintendo,Nintendo,24-May-10,Everyone
Wii,Super Paper Mario,"Action, Platformer",Nintendo,Intelligent Systems,9-Apr-07,Everyone
Wii,Super Smash Bros. Brawl,"Action, Fighting",Nintendo,Nintendo,10-Mar-08,Teen
Wii,Wii Fit,"Entertainment, Sports",Nintendo,Nintendo,21-May-08,Everyone
Wii,Wii Sports,"Party, Sports",Nintendo,Nintendo,17-Nov-06,Everyone
Wii U,Assassin's Creed III,Action/Adventure,Ubisoft,Ubisoft,30-Nov-12,Mature
Wii U,Bayonetta 2,"Action, Hack & Slash",Sega of America,PlatinumGames Inc.,24-Oct-14,Mature
Wii U,The Legend of Zelda: Breath of the Wild,RPG,Nintendo,Nintendo,3-Mar-17,
Wii U,The Legend of Zelda: The Wind Waker HD,"Action/Adventure, Adventure",Nintendo,Nintendo,4-Oct-13,
Wii U,The Legend of Zelda: Twilight Princess HD,"Action/Adventure, RPG",Nintendo,Nintendo,4-Mar-16,
Wii U,Mario Kart 8,Racing,Nintendo,Nintendo,30-May-14,
Wii U,Monster Hunter 3: Ultimate,Action,Capcom,Capcom,22-Mar-13,
Wii U,NES Remix Pack,"Compilation, Retro",Nintendo,Nintendo EAD,7-Nov-14,
Wii U,New Super Mario Bros U + Super Luigi U,Platformer,Nintendo,Nintendo,15-Apr-16,
Wii U,Nintendo Land,"Entertainment, Party",Nintendo,Nintendo,30-Nov-12,
Wii U,Shantae: Half-Genie Hero,Platformer,XSEED Games,WayForward,20-Dec-16,
Wii U,Shovel Knight,"Action/Adventure, Platformer",UIG Entertainment,Yacht Club Games,27-Nov-15,
Wii U,Star Fox Zero,Action/Adventure,Nintendo,Nintendo,22-Apr-16,
Wii U,Super Mario 3D World,Action,Nintendo,Nintendo,29-Nov-13,
Wii U,Super Mario Maker,"Entertainment, Platformer, Productivity",Nintendo,Nintendo,11-Sep-15,
Wii U,Wii Fit U,Sports,Nintendo,Nintendo,6-Dec-13,
Wii U,Yoshi's Woolly World,Adventure,Nintendo,Nintendo,26-Jun-15,
Wii U,ZombiU,Action,Ubisoft,Ubisoft,30-Nov-12,Everyone
